Start Date, Start Time, Subject, Location, All Day Event, Private
2016/08/27,13:00,더불어민주당 제2차 정기전국대의원대회,올림픽체조경기장(송파구 올림픽로424),False,False
2016/08/29,07:30,현충원 참배,국립서울현충원(서울 동작구 현충로 210),False,False
2016/08/29,09:30,최고위원회의,국회 당대표 회의실,False,False
2016/08/29,10:30,정세균 국회의장 예방,국회의장실(국회 본청 303호),False,False
2016/08/29,11:00,이정현 새누리당 대표 예방,새누리당 국회 대표실(국회 본청 227호),False,False
2016/08/29,13:30,백범 김구 묘역 참배,효창공원(서울특별시 용산구 효창원로 177-18),False,False
2016/08/29,14:30,박지원 국민의당 대표 예방,국민의당 국회 대표실(국회 본청 215호),False,False
2016/08/29,15:10,심상정 정의당 대표 예방,정의당 국회 대표실(국회 본청 223호),False,False
2016/08/29,15:40,김재원 청와대 정무수석 대통령 난 전달,국회 당대표 회의실,False,False
2016/08/29,16:30,광화문 세월호 유가족 단식 농성장 격려방문,광화문 광장,False,False
2016/08/30,07:00,민생탐방 - 가락시장 방문,가락시장 북1문(송파구 양재대로 932),False,False
2016/08/30,09:00,본회의,국회 본청 본회의장,False,False
2016/08/30,14:00,한반도 사드배치의 주요 이슈와 대응전략,민주정책연구원 7층 대회의실(영등포구 국회대로 74길 19),False,False
2016/09/01,08:00,전현직 지도부 조찬,달개비(중구 세종대로 19길 16),False,False
2016/09/01,14:00,제346회 국회(정기회) 개회식,국회 본회의장,False,False
2016/09/01,18:30,비엔날레 개막식,광주 비엔날레관(광주 북구 비엔날레로 111),False,False
2016/09/01,20:20,막걸리 토크,해뜰날 포장마차(광주 북구 저불로69번길 8),False,False
2016/09/02,08:00,국립 5.18 민주묘역 참배,5.18 민주묘역(광주 북구 민주로 200),False,False
2016/09/02,08:30,최고위원회의,민주묘역 민주관,False,False
2016/09/02,09:40,광주형일자리 창출 및 자동차 100만대 생산 도시 조성 현장간담회,기아자동차 노조사무실(광주 서구 내방동 700번지),False,False
2016/09/02,13:30,2016 정기국회 대비 의원 워크숍,국회 본청 246호,False,False
2016/09/05,09:00,비상경제최고위원회의,국회 당대표 회의실,False,False
2016/09/05,10:00,본회의,국회 본청 본회의장,False,False
2016/09/06,10:00,더불어민주당 교섭단체대표연설,국회 본회의장,False,False
2016/09/06,14:00,특별지방행정기관 지방이양 국회토론회,국회 의원회관 제1소회의실,False,False
2016/09/06,16:00,해병2사단 방문,애기봉전망대(김포시 월곶면 조강리 1-5),False,False
2016/09/07,09:00,최고위원회의,국회 당대표 회의실,False,False
2016/09/07,10:00,국민의당 교섭단체 연설,국회 본회의장,False,False
2016/09/07,11:00,사드배치철회 성주투쟁위원회 면담,국회 당대표실,False,False
2016/09/07,12:00,상임고문 오찬,여의도 진진바라(영등포구 국제금융로 8길 27-8 NH농협캐피탈빌딩),False,False
2016/09/07,14:00,제17회 사회복지의 날 기념식,세종문화회관(종로구 세종로 81-3),False,False
2016/09/07,15:30,이희호 여사님 예방,마포구 동교동 김대중 전 대통령 사저(마포구 신촌로 4길 5-26),False,False
2016/09/08,10:00,금융감독체계 개편을 위한 정책세미나,국회 의원회관 2세미나실,False,False
2016/09/08,10:30,정대협 면담,국회 당대표 회의실,False,False
2016/09/09,09:00,확대간부회의,국회 당대표 회의실,False,False
2016/09/09,10:00,김민석 민주당 대표 예방,국회 당대표 회의실,False,False
2016/09/09,16:00,원외지역위원장협의회 총회,대전광역시의회 대회의실(대전 서구 둔산로 100),False,False
2016/09/12,09:00,최고위원회의,국회 당대표 회의실,False,False
2016/09/12,14:00,청와대 영수회담,청와대,False,False
2016/09/13,08:30,긴급최고위원회의,국회 당대표 회의실,False,False
2016/09/13,10:10,추석 귀성인사,용산역(용산구 한강대로 23길 55),False,False
2016/09/13,12:00,민생탐방 - 남한산성시장 장보기,남한산성시장 입구(성남 중원구 은행2동 1552),False,False
2016/09/13,12:30,남한산성시장 상인회 오찬 간담회,내고향솥뚜껑삼겹살(성남 중원구 은행2동 1555),False,False
2016/09/13,16:00,김종필 전 총리 예방,김종필 전 총리 자택,False,False
2016/09/18,10:30,해공 신익희 선생 생가 방문,해공 신익희 선생 생가(경기도 광주시 초월읍 서하길14-34),False,False
2016/09/18,14:00,기자 간담회,국회 당대표 회의실,False,False
2016/09/19,09:00,최고위원회의,국회 당대표 회의실,False,False
2016/09/19,14:00,“박근혜정부의 노동개혁 무엇이 문제인가” 정책토론회,국회도서관 대강당,False,False
2016/09/19,17:00,제20대 국회의원 환영 리셉션,63컨벤션센터 그랜드볼룸 2층(영등포구 63로 50 한화금융센터),False,False
2016/09/20,09:30,의원총회,국회 본청 예결위회의장,False,False
2016/09/20,10:00,대정부질문(정치),국회 본회의장,False,False
2016/09/20,14:25, 월성원전 현장 브리핑,,False,False
2016/09/20,15:20, 원전피해 농성주민 면담(월성원전 입구),,False,False
2016/09/20,16:35, 남산 통일전 부근 피해지역 방문,,False,False
2016/09/21,09:00,안전비상대책 최고위원회의,국회 당대표 회의실,False,False
2016/09/21,10:00,본회의,국회 본회의장,False,False
2016/09/21,13:30,제7회 노무현대통령 기념 학술 심포지엄,연세대 김대중도서관(마포구 신촌로4길 5-26 아태재단사옥),False,False
2016/09/22,08:55,국정감사상황실 현판식,본청 203호,False,False
2016/09/22,10:00,대정부질문,국회 본회의장,False,False
2016/09/22,14:00,원전안전특위 1차 회의,국회 당대표 회의실,False,False
2016/09/23,09:00,최고위원회의,국회 당대표 회의실,False,False
2016/09/23,09:30,의원총회,국회 본청 예결위회의장,False,False
2016/09/23,10:00,대정부질문,국회 본회의장,False,False
2016/09/26,08:30,최고위원회의,국회 당대표 회의실,False,False
2016/09/26,10:00,외통위 국정감사,광화문 외교부 청사,False,False
2016/09/26,11:30,2016 연합뉴스TV경제포럼,웨스틴 조선호텔 그랜드볼룸,False,False
2016/09/27,10:00,'갈아엎은 논' 현장 방문,전북 김제시 벽골제로 538(덕산교회 옆 논),False,False
2016/09/27,10:30,쌀값 폭락 대책마련 현장 간담회,전북 김제시 벽골제로 538(덕산교회 맞은편 공터),False,False
2016/09/27,13:45,송하진 전북도지사 면담,전북도청 4층 도지사실(전주시 완산구 효자로 225),False,False
2016/09/28,08:30,민생비상대책 최고위원회의,국회 당대표 회의실,False,False
2016/09/28,09:00,의원총회,국회 본청 246호,False,False
2016/09/28,11:00,대한노인회 방문,대한노인회(용산구 임정로54),False,False
2016/09/29,11:00,한국방송기자클럽 당대표 초청토론회,세종문화회관 1층 세종홀(종로구 세종대로 175),False,False
2016/09/29,14:00,여성지방의원협의회 제2차 정기총회,국회도서관 소회의실,False,False
2016/09/30,08:30,최고위원회의,국회 본청 당대표 회의실,False,False
2016/10/01,10:30,건군 제68주년 국군의 날 기념식,계룡대 제2정문(충남 계룡시 신도안면 정장리 273-9),False,False
2016/10/02,14:00,외교안보 정책간담회,당대표 회의실,False,False
2016/10/03,10:00, 개천절 경축식(세종문화회관 대극장),,False,False
2016/10/03,18:00, 10.4 남북정상선언 9주년 기념식(63컨벤션 2층 그랜드볼룸),,False,False
2016/10/05,08:30,최고위원회의,국회 당대표 회의실,False,False
2016/10/05,10:00,세계 한인의 날 기념식,잠실 롯데호텔(송파구 올림픽로 240),False,False
2016/10/06,17:00,경향신문 창간 70주년 기념행사,63컨벤션 그랜드볼룸(영등포구 63로 50),False,False
2016/10/07,08:30,확대간부회의,국회 본청 당대표 회의실,False,False
2016/10/10,08:30,최고위원회의,당대표 회의실,False,False
2016/10/10,10:00,제14회 세계 사형폐지의 날 기념식,의원회관 제2소회의실,False,False
2016/10/10,18:00,2016세계한인민주회의 대표자 워크숍-대표자회의,글래드호텔,False,False
2016/10/11,08:00,제17회 세계지식포럼 개막식,장충체육관(중구 동호로 241),False,False
2016/10/12,08:30,최고위원회의,국회 본청 당대표 회의실,False,False
2016/10/12,14:00,'보육투자. 국가의 경쟁력이다 토론회',헌정기념관 2층 대회의실,False,False
2016/10/12,15:00,'시크릿 파일 국정원' 출간 기념 북토크,의원회관 대회의실,False,False
2016/10/13,08:30,긴급최고위원회의,본청 당대표 회의실,False,False
2016/10/13,12:00,해상주권지키기 긴급좌담회,본청 당대표 회의실,False,False
2016/10/13,16:00,한국노총 천막농성장 방문,여의도 산업은행 인근 한국노총 천막농성장(산업은행 : 영등포구 의사당대로 97),False,False
2016/10/14,08:30,최고위원회의,국회 본청 당대표 회의실,False,False
2016/10/14,10:00,외통위 종합 국정감사,외통위 회의실(본청 401호),False,False
2016/10/15,15:00,‘정청래의 국회의원 사용법’ 출판기념회,마포구청 대강당(마포구 월드컵로 212),False,False
2016/10/17,09:00,최고위원회의,국회 본청 당대표 회의실,False,False
2016/10/19,09:00,최고위원회의,본청 당대표 회의실,False,False
2016/10/19,14:00,중앙위원회의,의원회관 대회의실,False,False
2016/10/21,09:00,최순실게이트 진상규명 최고위원회의,국회 당대표 회의실,False,False
2016/10/21,14:00,중앙당 당직자 산행,어울쉼터(독립공원주차장 위치. 서울특별시 서대문구 현저동 101),False,False
2016/10/21,19:00,고 김창호 경위 조문,경찰병원(서울 송파구 송이로 123),False,False
2016/10/24,09:00,최고위원회의,국회 당대표 회의실,False,False
2016/10/24,09:30,의원총회,국회 예결위회의장,False,False
2016/10/24,10:00,국회 본회의(정부 시정연설),국회 본회의장,False,False
2016/10/25,08:30,기자회견,국회 본청 당대표 회의실,False,False
2016/10/26,09:00,최고위원회의,국회 본청 당대표 회의실,False,False
2016/10/26,10:00,긴급 의원총회,국회 본청 246호,False,False
2016/10/27,10:00,해공 신익희 정신의 현재적 의미와 계승 방안 모색을 위한 토론회,의원회관 제2세미나실,False,False
2016/10/28,09:00,최고위원회의,국회 본청 당대표 회의실,False,False
2016/11/01,09:30,의원총회,예결위회의장,False,False
2016/11/01,14:00,박근혜-최순실 게이트 진상규명 국민보고대회,의원회관 대회의실,False,False
2016/11/02,09:00,최고위원회의,국회 당대표 회의실,False,False
2016/11/02,09:30,긴급 의원총회,국회 본청 예결위회의장,False,False
2016/11/02,11:30,박근혜-최순실 게이트 진상규명 홍보 캠페인,여의도역 5번 출구,False,False
2016/11/02,14:00,‘직불금. 행복한 미래를 위한 변화’ 토론회,국회 의원회관 제1세미나실,False,False
2016/11/03,09:30,긴급 의원총회,국회 본청 246호,False,False
2016/11/03,14:00,본회의,국회 본회의장,False,False
2016/11/05,14:00,백남기 농민 영결식,광화문 광장,False,False
2016/11/07,09:00,최고위원회의,국회 본청 당대표 회의실,False,False
2016/11/07,12:00,2017 민주평화포럼 대표단 오찬,대방골(국회대로 800 진미파라곤 지하1층),False,False
2016/11/08,08:00,더불어민주당 대선후보 조찬,대방골(국회대로 800 진미파라곤 지하 1층),False,False
2016/11/08,09:25,경제안보상황실 현판식,국회 본청 214호,False,False
2016/11/08,09:30,비상경제 점검회의,국회 당대표 회의실,False,False
2016/11/08,10:00,의원총회,국회 본청 246호,False,False
2016/11/09,09:00,최고위원회의,국회 당대표 회의실,False,False
2016/11/09,10:30,야3당 대표 회동,국회 사랑재,False,False
2016/11/09,14:00,종교인협의회 면담,달개비(중구 세종대로 19길 16),False,False
2016/11/10,09:00,의원총회,국회 246호,False,False
2016/11/11,09:00,최고위원회의,국회 당대표 회의실,False,False
2016/11/11,10:00,본회의,국회 본회의장,False,False
2016/11/11,15:00,2016 전국상인대회,국회 의원회관 대회의실,False,False
2016/11/14,09:00,최고위원회의,국회 당대표 회의실,False,False
2016/11/15,13:00, 서울중앙지검 농성장 격려 방문,,False,False
2016/11/16,09:00,최고위원회의,국회 당대표 회의실,False,False
2016/11/16,09:30,박근혜 대통령 퇴진 국민주권운동본부 현판식,국회 당대표 회의실 앞,False,False
2016/11/16,14:00,‘박근혜 대통령. 국민법정에 세우다’ 긴급 토론회,의원회관 대회의실,False,False
2016/11/16,17:00,박근혜 대통령 엄정수사 촉구 번개촛불,서울중앙지검 앞(서초구 반포대로 158),False,False
2016/11/17,13:30,의원총회,국회 본청 246호,False,False
2016/11/17,14:00,본회의,국회 본회의장,False,False
2016/11/17,16:00,야3당 대표 회동,사랑재,False,False
2016/11/18,09:00,최고위원회의,국회 당대표 회의실,False,False
2016/11/18,16:00,박근혜 퇴진을 위한 국민주권운동 본부 출정식,세종문화회관 계단(종로구 세종대로 175),False,False
2016/11/19,13:00,한국노총 전국노동자대회,서울시청광장,False,False
2016/11/19,15:00,더불어민주당 박근혜대통령 퇴진 결의대회,서울 청계광장 소라상 앞,False,False
2016/11/19,18:00,4차 범국민행동(촛불집회),서울 광화문 광장,False,False
2016/11/20,17:00,최고위원회의-국민조사위원회 연석회의,국회 당대표 회의실,False,False
2016/11/21,09:00,최고위원회의,국회 당대표 회의실,False,False
2016/11/21,14:00,의원총회,국회 본청 246호,False,False
2016/11/21,17:00,대전시당-세종시당 박근혜대통령 퇴진 국민주권운동본부 공동출정식,삼성디지털프라자 둔산중앙점 앞(대전 서구 대덕대로 222),False,False
2016/11/21,19:00,대전 촛불집회,갤러리아 타임월드 백화점 옆(대전 서구 대덕대로 211),False,False
2016/11/22,10:00,김영삼 대통령 서거 1주기 추모식,국립서울현충원 현충관 및 묘소,False,False
2016/11/22,19:00,팟캐스트 '진짜가 나타났다 시즌3' 녹음,이이제이협동조합 안가(마포구 월드컵북로 65 2층),False,False
2016/11/23,09:00,최고위원회의,국회 당대표 회의실,False,False
2016/11/23,09:30,‘박근혜 대통령 퇴진’ 스티커 차량 부착,국회 본청 2층 정문 주차장,False,False
2016/11/23,16:00,광주-전남 박근혜 대통령 퇴진 국민주권운동본부 공동 출정식,5.18 민주광장(광주 동구 금남로 245),False,False
2016/11/23,17:20,광주-전남 박근혜 대통령 퇴진 거리 서명운동,광주 충장로 우체국(충장로 94),False,False
2016/11/24,15:00,ㅎㅇㅎㄹ 박근혜 대통령 헌정유린에 대한 청년발언대,국회의원회관 제2세미나실,False,False
2016/11/25,09:00,최고위원회의,국회 당대표 회의실,False,False
2016/11/25,09:40,박근혜 대통령 퇴진 국민주권운동본부 1차 회의,국회 당대표 회의실,False,False
2016/11/25,10:30,의원총회,국회 본청 246호,False,False
2016/11/25,17:30,박근혜 퇴진 거리 서명운동,쥬디스태화 파리바게뜨 앞(부산 부산진구 중앙대로 694),False,False
2016/11/25,17:45,박근혜 대통령 국민주권운동본부 부산 출정식,쥬디스태화 앞 거리,False,False
2016/11/25,19:30,부산 촛불집회,쥬디스태화 앞 거리,False,False
2016/11/26,15:00,박근혜 대통령 퇴진 결의대회,서울 청계광장,False,False
2016/11/26,18:00,제5차 범국민행동,서울 광화문광장,False,False
2016/11/28,09:00,최고위원회의,국회 당대표 회의실,False,False
2016/11/29,10:00,박근혜 대통령 퇴진 국민주권운동본부 의원홍보단 출정식,국회 본청 앞 계단,False,False
2016/11/29,14:30,의원총회,국회 본청 246호,False,False
2016/11/29,18:30,2017 국민통합과 정권교체를 위한 국민통합위원회 출범식,의원회관 제1소회의실,False,False
2016/11/30,09:00,최고위원회의,국회 당대표 회의실,False,False
2016/11/30,10:00,야3당 대표 회동,귀빈식당 별실1호,False,False
2016/11/30,14:00,외교안보통일 자문회의 위촉장 수여식 및 제1차 회의,국회 당대표 회의실,False,False
2016/12/01,13:30,의원총회,국회 본청 246호,False,False
2016/12/01,14:30,야3당 대표회담,귀빈식당 1호실,False,False
2016/12/01,15:30,본회의,국회 본회의장,False,False
2016/12/02,09:00,최고위원회의,국회 당대표 회의실,False,False
2016/12/02,14:00,본회의,국회 본회의장,False,False
2016/12/02,14:30,'박근혜정권 퇴진 비상국민행동 대표단' 면담,국회 당대표 회의실,False,False
2016/12/03,17:30,촛불의 선전포고 ‘박근혜 즉각 퇴진의 날’,서울 광화문광장,False,False
2016/12/05,09:00,최고위원회의,국회 당대표 회의실,False,False
2016/12/05,10:00,비상 의원총회,국회 예결위회의장,False,False
2016/12/05,10:30,당대표 취임 100일 기자간담회,국회 당대표 회의실,False,False
2016/12/05,14:00,'국민권력시대. 어떻게 열 것인가?' 토론회,국회의원회관 제1세미나실,False,False
2016/12/06,10:00,비상 의원총회,본청 예결위회의장,False,False
2016/12/06,11:00,야3당 대표회동,귀빈식당 1호실,False,False
2016/12/06,18:00,탄핵 촛불집회,본청 앞 계단,False,False
2016/12/07,09:00,최고위원회의,국회 당대표 회의실,False,False
2016/12/07,10:00,비상 의원총회,본청 예결위회의장,False,False
2016/12/07,15:00,박근혜 대통령 탄핵을 위한 야3당 결의대회,본청 앞 계단,False,False
2016/12/07,18:00,탄핵 촛불집회,본청 앞 계단,False,False
2016/12/08,10:00,비상의원총회,본청 예결위회의장,False,False
2016/12/08,14:00,본회의,본청 본회의장,False,False
2016/12/08,18:00,탄핵 촛불집회,본청 앞 계단,False,False
2016/12/09,09:00,최고위원회의,국회 당대표회의실,False,False
2016/12/09,14:00,비상 의원총회,본청 예결위회의장,False,False
2016/12/09,15:00,본회의,본회의장,False,False
2016/12/10,17:30,7차 촛불집회,서울 광화문광장,False,False
2016/12/12,09:00,최고위원회의,국회 당대표 회의실,False,False
2016/12/12,10:00,의원총회,국회 본청 예결위회의장,False,False
2016/12/13,14:00,야3당 대표회동,국회 귀빈식당 별실1호,False,False
2016/12/14,08:30,최고위원회의,국회 당대표 회의실,False,False
2016/12/15,10:30,AI 방역추진 상황청취,천안시청 3층 대회의실(천안시 서북구 번영로 156),False,False
2016/12/15,11:25,거점소독시설 방문,천안 삼거리 초소(천안시 동남구 삼룡동 270-12),False,False
2016/12/16,08:50,국회 청소용역 노동자 직접고용 타결 꽃 달기,국회 당대표 회의실,False,False
2016/12/16,09:00,최고위원회의,국회 당대표 회의실,False,False
2016/12/16,14:00,4.3 특별법 제정 17주년 기념 정책토론회,국회 도서관 소회의실,False,False
2016/12/19,09:00,최고위원회의,국회 당대표 회의실,False,False
2016/12/19,14:00,비상경제대책위원회의,국회 당대표 회의실,False,False
2016/12/20,14:00,대정부질문,국회 본회의장,False,False
2016/12/20,15:30,역사교과서 국정화 저지를 위한 교육감협의회 비상대책위원회 면담,국회 당대표실,False,False
2016/12/20,16:00,박근혜정권 퇴진 비상국민행동 면담,국회 당대표실,False,False
2016/12/21,08:50,인천톨게이트 해고자 복직 및 건설기계근로자 ‘적정임금과 하루8시간 노동 보장’ 문제 해결 꽃 달기,국회 당대표 회의실,False,False
2016/12/21,09:00,최고위원회의,국회 당대표 회의실,False,False
2016/12/21,14:00,대정부질문,본회의장,False,False
2016/12/21,14:30,AI 대응 개선책 마련을 위한 전문가 간담회,국회 당대표 회의실,False,False
2016/12/22,10:00,외통위 현안보고,국회 본청 401호,False,False
2016/12/22,14:00,AI 민생피해 현장 방문 및 상인 간담회,공덕시장 내 청학동부침개(마포구 만리재로 23),False,False
2016/12/23,09:00,최고위원회의,국회 당대표 회의실,False,False
2016/12/23,09:40,소멸시효완성채권 소각행사,국회 본청 앞 계단,False,False
2016/12/23,10:00,정책의원총회,국회 본청 예결위회의장,False,False
2016/12/24,17:00,9차 촛불집회,서울 광화문 광장,False,False
2016/12/26,- 09:,00 최고위원회의,국회 당대표 회의실,False,False
2016/12/27,11:00,호남비전위원회 현장회의,김대중컨벤션센터 2층 컨퍼런스홀(광주 서구 상무누리로 30),False,False
2016/12/27,13:30,현장 방문 및 중소기업인 간담회,(주)무등기업 회의실(광주 광산구 평동산단로 297),False,False
2016/12/28,08:50,서울대 비학생조교 253명 고용보장 축하 꽃 달기,국회 당대표 회의실,False,False
2016/12/28,09:00,최고위원회의,국회 당대표 회의실,False,False
2016/12/28,10:00,재벌개혁과 경제민주화 토론회,의원회관 제1세미나실,False,False
2016/12/28,12:00,수요집회,주한일본대사관 앞(종로구 율곡로 6),False,False
2016/12/28,14:00,‘노동자·농민이 바라는 정치개혁의 방향과 과제’ 토론회,의원회관 제1소회의실,False,False
2016/12/29,10:00,故 김근태 5주기 추도미사 및 추도식,창동성당(도봉구 도봉로 110나길 45),False,False
2016/12/29,14:30,의원총회,본청 246호,False,False
2016/12/29,15:00,본회의,본회의장,False,False
2016/12/30,09:00,최고위원회의,국회 당대표 회의실,False,False
2017/01/01,07:40,더불어민주당 단배식,신당사 2층,False,False
2017/01/01,09:00,현충원 참배,국립서울현충원,False,False
2017/01/01,10:40,4.19민주묘역참배,국립 4.19민주묘지,False,False
2017/01/01,11:30,이희호여사 예방,동교동 사저,False,False
2017/01/01,14:00,AI 포유류 감염 현황 보고 및 점검 회의,경기도 동물위생시험소(구 축산위생연구소,False,False
2017/01/02,09:00,최고위원회의,국회 당대표 회의실,False,False
2017/01/03,10:00,'대한민국 적폐청산과 공정국가 건설' 토론회,국회 의원회관 2소회의실,False,False
2017/01/03,11:40,1포병여단 방문,쇠꼴마을(경기도 파주시 법원읍 금곡리 420-3),False,False
2017/01/04,09:00,최고위원회의,국회 당대표 회의실,False,False
2017/01/05,11:10,가양7종합사회복지관 방문,가양7종합사회복지관(강서구 가양동 1486),False,False
2017/01/05,14:00,시민사회단체연대회의 신년하례회,서울시청 8층 다목적홀,False,False
2017/01/06,08:50,120다산콜센터 상담사 직고용 축하 상생 꽃 달기,국회 당대표 회의실,False,False
2017/01/06,09:00,최고위원회의,국회 당대표 회의실,False,False
2017/01/06,11:30,대한민국헌정회 신년인사회,국민일보 빌딩 12층 루나미엘레(영등포구 여의공원로 101 C.C.M.M빌딩),False,False
2017/01/06,18:40,재경전라북도민회 신년인사회,세종문화회관 세종홀,False,False
2017/01/07,17:30,11차 촛불집회,서울 광화문광장,False,False
2017/01/08,11:00,추미애 대표 신년기자회견,국회 본청 당대표 회의실,False,False
2017/01/08,12:00,기자단 오찬,여의도 김명자 굴국밥(영등포구 국회대로70길 15-1 극동브이아이피빌딩 지하1층),False,False
2017/01/09,09:00,최고위원회의,국회 당대표 회의실,False,False
2017/01/09,18:40,세월호 희생자 분향소 참배,안산 세월호 합동 분향소(경기도 미술관,False,False
2017/01/09,19:30,세월호 참사 1000일 추모음악회,안산문화예술의전당 해돋이극장(안산시 단원구 화랑로 312),False,False
2017/01/10,14:00,당헌당규강령정책위원회 제1차 회의,국회 당대표 회의실,False,False
2017/01/11,9:00 ,최고위원회의,국회 당대표 회의실,False,False
2017/01/12,11:00,중소기업인 신년인사회,중소기업중앙회 그랜드홀 B1(서울 영등포구 은행로 30),False,False
2017/01/12,14:00,2017년 참좋은지방정부위원회 출범식 및 ‘분권과 혁신. 새로운 대한민국’ 정책토론회,의원회관 제2세미나실,False,False
2017/01/12,16:30,2018평창올림픽 성공개최를 위한 민주당 강원도당-강원도 확대 당정협의,춘천 베어스호텔 소양홀(강원 춘천시 스포츠타운길 376),False,False
2017/01/13,08:50,한전KPS 고압송전탑 관리 노동자 직고용 축하 꽃 달기,국회 당대표 회의실,False,False
2017/01/13,09:00,최고위원회의,국회 당대표 회의실,False,False
2017/01/13,16:30,정원스님 조문,서울대학교병원 장례식장(서울시 종로구 대학로 101),False,False
2017/01/16,09:00,최고위원회의,국회 당대표 회의실,False,False
2017/01/16,10:30,세월호 인양 대국민 설명회,국회의원회관 제2소회의실,False,False
2017/01/18,09:00,최고위원회의,국회 당대표 회의실,False,False
2017/01/19,13:00,정유년 한국불교지도자 신년하례법회,조계사 대웅전,False,False
2017/01/20,09:00,최고위원회의,국회 당대표 회의실,False,False
2017/01/20,10:00,새로운 대한민국. ‘자치분권내각중심’ 국정운영 토론회,의원회관 제1소회의실,False,False
2017/01/20,11:00,의원총회,본청 246호,False,False
2017/01/20,14:00,본회의,본회의장,False,False
2017/01/23,09:00,최고위원회의,국회 당대표 회의실,False,False
2017/01/24,10:00,'정경유착 근절방안 - 공익법인 정상화 방안 모색' 토론회,의원회관 제8간담회의실,False,False
2017/01/24,11:00,여성위원회 초청 여성단체 대표 신년인사회,국회 귀빈식당,False,False
2017/01/24,15:30,설 민심 탐방 -영등포중앙시장 방문,영등포 중앙시장(영등포구 영등포로 225),False,False
2017/01/25,09:00,최고위원회의,국회 당대표 회의실,False,False
2017/01/25,14:00,설 민심 탐방 - 중소기업 방문,인성 엔프라(인천 서구 가정로 58번길 24),False,False
2017/01/26,10:00,귀향인사,서울역,False,False
2017/01/26,11:00,남대문경찰서 방문,남대문경찰서,False,False
2017/01/30,1:00 ,최고위 간담회,국회 당대표 회의실,False,False
2017/02/01,09:00,최고위원회의,국회 당대표 회의실,False,False
2017/02/01,10:30,인재영입위원회 제1차 회의,국회 당대표 회의실,False,False
2017/02/01,14:00,2월 임시국회 개회식 및 본회의,국회 본회의장,False,False
2017/02/02,10:00,더불어민주당 교섭단체연설,국회 본회의장,False,False
2017/02/03,09:00,최고위원회의,국회 당대표 회의실,False,False
2017/02/03,10:00,새누리당 교섭단체연설,국회 본회의장,False,False
2017/02/03,11:10,바른정당 정병국 대표 예방,국회 당대표실,False,False
2017/02/06,09:00,최고위원회의,국회 당대표회의실,False,False
2017/02/06,10:00,국민의당 교섭단체연설,국회 본회의장,False,False
2017/02/06,14:00,최순실 일가의 부정축재 재산 몰수를 위한 특별공청회,의원회관 제2세미나실,False,False
2017/02/07,10:00,바른정당 교섭단체대표연설,본회의장,False,False
2017/02/07,15:00,외교안보통일자문회의 제2차 회의,국회 당대표회의실,False,False
2017/02/08,09:00,최고위원·탄핵소추위원 연석회의,국회 당대표 회의실,False,False
2017/02/08,15:00,야3당 대표 회동,귀빈식당 1호실,False,False
2017/02/09,10:00,의원총회,국회 본청 246호,False,False
2017/02/09,11:30,개인택시운송사업조합연합회 정책간담회,전국개인택시회관(강남구 역삼로17길 55),False,False
2017/02/09,14:00,대정부질문,국회 본청 본회의장,False,False
2017/02/10,09:00,최고위원회의,국회 당대표 회의실,False,False
2017/02/10,12:00,국가경제자문회의 사전회의,여의도 외백(영등포구 국회대로 72길 17),False,False
2017/02/10,14:00,대정부질문,국회 본회의장,False,False
2017/02/10,14:20,2017년 대선과 민주당의 진로-꿈보따리 정책연구원 정책토론회,의원회관 제2세미나실,False,False
2017/02/11,17:00,15차 범국민 행동의 날,서울 광화문 북단광장,False,False
2017/02/12,14:00,더불어민주당 서울시당 제9차 신입당원 아카데미,의원회관 2층 대회의실,False,False
2017/02/13,09:00,최고위원회의,국회 당대표 회의실,False,False
2017/02/14,11:30,한국노총 신임지도부 간담회,한국노총 7층 위원장실,False,False
2017/02/14,14:00,민생·외교·안보 현안 점검회의,국회 당대표 회의실,False,False
2017/02/15,08:50,선거인단 모집 선언식,국회 당대표 회의실,False,False
2017/02/15,09:05,최고위원회의,국회 당대표 회의실,False,False
2017/02/15,11:00,대한노인회 정기총회,백범김구기념관 컨벤션홀,False,False
2017/02/16,09:00,의원총회,국회 본청 246호,False,False
2017/02/17,09:00,최고위원-탄핵소추위원 연석회의,국회 당대표 회의실,False,False
2017/02/17,10:30,국가경제자문회의 제1차 회의,국회 당대표 회의실,False,False
2017/02/18,18:00,16차 촛불집회,광화문 광장,False,False
2017/02/20,9:00 ,최고위원회의,국회 당대표회의실,False,False
2017/02/21,10:30,긴급 의원총회,국회 본청 246호,False,False
2017/02/21,11:30,야4당 당대표 회동,국회 귀빈식당 1호실,False,False
2017/02/22,09:00,최고위원회의,국회 당대표 회의실,False,False
2017/02/22,15:00,'박근혜 대통령. 미리 보는 탄핵심판' 토론회,국회도서관 대강당,False,False
2017/02/23,13:30,의원총회,국회 본청 246호,False,False
2017/02/23,14:00,본회의,국회 본회의장,False,False
2017/02/24,09:00,최고위원회의,국회 당대표 회의실,False,False
2017/02/25,18:00,17차 촛불집회,광화문 광장,False,False
2017/02/27,09:00,최고위원회의,국회 당대표 회의실,False,False
2017/02/27,10:00,긴급 의원총회,국회 본청 246호,False,False
2017/02/27,14:00,사회적경제위원회 출범식,헌정기념관 대강당,False,False
2017/02/28,09:00,4+4 회동,국회의장 접견실(317호),False,False
2017/03/01,10:00,제98주년 3.1절 기념식,세종문화회관 대극장,False,False
2017/03/01,11:30,긴급 최고위원회의,국회 당대표 회의실,False,False
2017/03/01,17:00,18차 촛불집회,광화문 광장,False,False
2017/03/02,13:30,의원총회,국회 본청 예결위회의장,False,False
2017/03/02,14:00,본회의,본회의장,False,False
2017/03/03,09:00,최고위원회의,국회 당대표 회의실,False,False
2017/03/04,18:00,19차 촛불집회,광화문 광장,False,False
2017/03/06,09:00,최고위원회의,국회 당대표 회의실,False,False
2017/03/06,14:00,중부권 동서 횡단철도 건설 국회 포럼,국회 의원회관 대회의실,False,False
2017/03/08,09:00,최고위원회의,국회 당대표 회의실,False,False
2017/03/08,10:00,의원총회,국회 본청 246호,False,False
2017/03/08,11:00,3.8 세계여성의 날 기념 제33회 한국여성대회,서울시청 8층 다목적홀,False,False
2017/03/08,14:00,긴급 외교안보통일자문회의,국회 당대표 회의실,False,False
2017/03/10,09:00,최고위원회의,국회 당대표 회의실,False,False
2017/03/10,11:00,탄핵 심판 방송 시청,국회 당대표실,False,False
2017/03/10,14:00,의원총회,국회 본청 246호,False,False
2017/03/13,09:00,최고위원회의,국회 당대표 회의실,False,False
2017/03/14,11:00,더불어민주당 제19대 대통령선거후보자 공명경선 선언식,중앙당사 2층 프레스룸,False,False
2017/03/14,15:00,국회의원 워크숍(비공개),국회 본청 246호,False,False
2017/03/15,09:00,최고위원회의,국회 당대표 회의실,False,False
2017/03/15,14:00,전국장애인위원회 출범식,이룸센터 이룸홀 지하1층(영등포구 의사당대로 22),False,False
2017/03/15,19:00,전국노동위원회 출범식,의원회관 대회의실,False,False
2017/03/16,14:00,긴급현안질문,국회 본회의장,False,False
2017/03/17,08:55,대선공약 온라인 국민제안 이벤트,국회 당대표 회의실,False,False
2017/03/17,09:00,최고위원회의,국회 당대표 회의실,False,False
2017/03/17,14:00,긴급현안질문,국회 본회의장,False,False
2017/03/20,09:00,최고위원회의,국회 당대표 회의실,False,False
2017/03/22,09:00,최고위원회의,국회 당대표 회의실,False,False
2017/03/22,09:30,4.12 재보궐선거 공천장 수여식,국회 당대표 회의실,False,False
2017/03/22,10:00,인재영입위원회 영입인사 발표,국회 당대표 회의실,False,False
2017/03/22,14:00,동물권단체와 정책협약 및 동물권향상특별위원회 발족,국회 당대표 회의실,False,False
2017/03/24,09:00,최고위원회의,국회 당대표 회의실,False,False
2017/03/24,09:30,인재영입위원회 영입인사 발표,국회 당대표 회의실,False,False
2017/03/24,14:00,전국직능대표자회의 전체회의 및 임명장 수여식,당사 10층 회의실,False,False
2017/03/27,9:00 ,최고위원회의,국회 당대표 회의실,False,False
2017/03/27,4:00 ,호남권 순회투표,광주여대시립유니버시아드체육관(광주 광산구 여대길 201),False,False
2017/03/28,10:00,본회의,국회 본회의장,False,False
2017/03/28,16:00,최호열 포천시장 후보 선거사무소 개소식,포천시 중앙로 110번길 5 인재빌딩3층,False,False
2017/03/29,08:55,재외국민 투표 호소 캠페인,국회 당대표 회의실,False,False
2017/03/29,09:00,최고위원회의,국회 당대표 회의실,False,False
2017/03/29,09:20,인재영입위원회 신성장특위 인재 영입 발표,국회 당대표 회의실,False,False
2017/03/29,11:30,괴산 선거사무소 방문 및 괴산 전통시장 방문,괴산 후보 사무소(충북 괴산군 괴산읍 괴강로 14),False,False
2017/03/29,14:00,충청권 순회투표,충무실내체육관(대전광역시 중구 대종로 373),False,False
2017/03/30,13:30,의원총회,국회 본관 246호,False,False
2017/03/30,14:00,본회의,국회 본회의장,False,False
2017/04/01,3:00 ,오수봉 하남시장 후보 선거 지원,GS수퍼마켓 하남점(하남시 신장동 427-53),False,False
2017/04/02,4:30 ,전국귀한동포 제3차 대표대회,의원회관 대강당,False,False
2017/04/03,10:00,제69주년 4·3희생자 추념식,제주4.3평화공원 위령제단,False,False
2017/04/03,14:00,수도권.강원.제주 순회투표,고척스카이돔,False,False
2017/04/04,08:00,현충원 참배,서울국립현충원(서울 동작구 현충로 210),False,False
2017/04/04,10:00,긴급의원총회,국회 본청 246호,False,False
2017/04/04,16:30,故 노무현 대통령 묘역 참배 및 권양숙 여사 예방,故 노무현 대통령 묘역(경남 김해시 진영읍 본산리 19-4),False,False
2017/04/06,09:30, 광양제철소 방문(전남 광양시 제철로 1800),,False,False
2017/04/06,11:30, 국립 5.18민주묘지 참배(광주시 북구 민주로 200),,False,False
2017/04/06,14:00, 목포신항 방문(전남 목포시 신항로294번길 45),,False,False
2017/04/06,16:00, 목포대학교 도림캠퍼스 강연(전남 무안군 청계면 영산로 1666),,False,False
2017/04/07,10:00, 충남도청 방문(충남 홍성군 홍성면 충남대로 21),,False,False
2017/04/07,10:30, 내포 첨단산업단지 조성현장 방문(충남 홍성군 홍북면 산학로 57-17),,False,False
2017/04/07,13:30, 충북 일자리 창출의 중심. 바이오산업의 현장을 가다-‘메타바이오메드’ 방문,,False,False
2017/04/07,16:00, 탄도탄 작전통제소 및 공군작전사령부 방문(경기 평택시),,False,False
2017/04/07,18:30,이재명 성남시장 방문,성남시청 시장실,False,False
2017/04/08,10:00,김영태 후보 선거사무소  방문,김영태 후보 선거사무소(경북 상주시 경상대로 3045),False,False
2017/04/08,10:30, 상주 남원동 서문사거리 유세 및 거리인사(경북 상주시 중앙로 187),,False,False
2017/04/08,11:10, 상주 중앙시장 인사(경북 상주시 상산로 246),,False,False
2017/04/08,14:00,‘문재인의 강원도 비전’ 기자회견,원주시청 B1 다목적홀,False,False
2017/04/08,19:00, 경선 후보들과의 호프타임,,False,False
2017/04/09,09:30, 「내 삶을 바꾸는 정권교체」도시재생 뉴딜 정책발표 (당 중앙당사),,False,False
2017/04/09,15:00, 국민과 함께 미래를 열어가는 체육인대회 축사(우리금융아트홀 舊올림픽공원 역도경기장),,False,False
2017/04/10,08:30,국민주권선거대책위원회 회의,중앙당사 4층 대회의실,False,False
2017/04/10,10:00,'바른 경제. 더 공정한 나라. 중소기업이 만든다' 중소기업단체협의회 초청 강연회,여의도 중소기업중앙회 B1 그랜드홀,False,False
2017/04/10,14:00,'문재인과 박원순이 부르는 광화문연가' 서울시청 방문. 박원순 시장 면담,서울시청(서울 중구 세종대로 110),False,False
2017/04/11,10:00,‘내 삶을 바꾸는 정권교체’ 정책시리즈 4 - 가계통신비 부담 절감 8대 정책 발표,창원컨벤션센터 604호(경남 창원시 의창구 원이대로 362),False,False
2017/04/11,10:20,‘동남권 경제혁신의 중심. 경남’ 문재인의 경남비전 기자회견,창원컨벤션센터 컨벤션홀 III홀(경남 창원시 의창구 원이대로 362),False,False
2017/04/11,13:20,‘동북아 해양수도 부산’ 문재인의 부산비전 기자회견,부산 벡스코 컨벤션홀(부산 해운대구 APEC로 55),False,False
2017/04/11,14:40,더불어민주당 부산광역시당 불교특별위원회 평화기원대법회,금정총림 범어사 설법전(부산 금정구 범어사로 250),False,False
2017/04/11,16:10,‘울산. 동북아 산업수도로의 재도약’ 문재인의 울산비전 기자회견,울산상공회의소 7층 대회의실(울산시 남구 돋질로 97),False,False
2017/04/11,20:00,안보상황점검회의,중앙당사 4층 대회의실,False,False
2017/04/12,09:00,2017 한국포럼 “대한민국. 어떻게 바꿀 것인가!” 축사,서울 소공동 롯데호텔 크리스탈 볼룸(서울시 중구 을지로 30),False,False
2017/04/12,09:50,「내 삶을 바꾸는 정권교체」정책시리즈 5.'문재인의 경제비전' 사람중심 성장경제',중앙당사 2층,False,False
2017/04/12,10:20,2017 동아 이코노미 서밋 '4차 산업혁명의 길을 묻다' 축사,여의도 FKI 콘퍼런스 그랜드볼룸 1층,False,False
2017/04/12,11:00,"지금이 한국에 투자할 때입니다!" 문재인-주한외국경제단체(AMCHAM & ECCK)와의 대화,콘래드호텔 6층 Studio#1.2.3(서울 영등포구 국제금융로 10),False,False
2017/04/12,13:45,국회 헌법개정특위 '대통령 후보의 개헌 관련 의견청취 전체회의' 참석,국회의장실. 국회 예결위회의장,False,False
2017/04/13,10:00,제98주년 대한민국 임시정부 수립 기념식,백범김구기념관 컨벤션홀,False,False
2017/04/13,14:00,전기검침노동자 문재인 후보지지 및 더불어민주당 입당 기자회견,중앙당사 2층 브리핑룸,False,False
2017/04/14,15:30,전국금융산업노동조합 민주당 문재인후보 지지 기자회견,국회 정론관,False,False
2017/04/14,15:50,전국금융산업노동조합 정책협약식,국회 당대표회의실,False,False
2017/04/14,16:10,전국공공산업노동조합연맹 정책협약식,국회 당대표회의실,False,False
2017/04/15,15:00,대전광역시당 국민주권선대위 발대식,대전시당 건물 4층(대전 중구 동서대로 1337 서현빌딩),False,False
2017/04/16,15:00,세월호참사 3년. 기억식,안산 합동분향소(경기 안산시 단원구 동산로 268),False,False
2017/04/17,07:30,출근인사 피케팅,건대역 5번 출구 맞은편 롯데백화점 앞,False,False
2017/04/17,09:30,더불어민주당 제3차 국민주권선거대책위원회의,당사 4층 대회의실,False,False
2017/04/17,10:00,국민주권선대위 필승다짐대회,중앙당사 앞,False,False
2017/04/17,12:00,서울시당 국민주권선대위 출정식,서울산업진흥원 앞 광장(마포구 월드컵북로 400),False,False
2017/04/17,14:00,국민주권 중앙선대위원회 직능본부 발대식,의원회관 대회의실,False,False
2017/04/17,17:40,광화문 집중유세,광화문,False,False
2017/04/17,18:00,제16회 재외한인언론인대회 개막식,코리아나 호텔 7층 글로리아홀,False,False
2017/04/18,11:00,행정수도 완성 시민대책위 대표단과의 정책간담회,세종시청 5층 세종실(509호),False,False
2017/04/18,11:50,세종시 유세,정부세종청사 환경부 앞 제7주차장(세종시 어진동 103-25),False,False
2017/04/18,16:00,울산시 유세,울산 남구 롯데호텔 정문앞(울산 남구 삼산로 282. 롯데호텔울산),False,False
2017/04/18,18:00,창원시 유세,창원 상남 분수광장 앞(경남 창원시 상남동 24번지),False,False
2017/04/19,08:00,57주년 4.19혁명 민주묘지 참배,국립 4.19민주묘지,False,False
2017/04/19,13:30,대구 화물노동조합 민주당 문재인 후보 지지선언,대구시당 회의실(동구 동대구로 460. 문화빌딩3층),False,False
2017/04/19,14:00,추미애 상임선대위원장-김부겸 대구선대위 상임공동위원장. 대구지역 언론인과의 간담회,대구시당 회의실,False,False
2017/04/19,15:00,서문시장 인사,서문시장역 3번 출구,False,False
2017/04/19,16:00,칠성시장 인사,칠성시장역 4번 출구,False,False
2017/04/19,16:20,대구 북구 유세,칠성시장 네거리(NH 농협 앞),False,False
2017/04/19,17:00,2.28기념중앙공원 일대 거리인사,2.28 기념공원 소녀상 앞,False,False
2017/04/19,17:20,대구백화점 앞 유세,대구백화점 앞 민주광장,False,False
2017/04/20,13:30,광명을 유세,철산역 삼거리 2001아울렛 앞(광명시 철산로 4. 철산역 2번출구),False,False
2017/04/20,14:20,광명갑 유세,광명시장 나나약국 건너편(광명시 오리로 965. 광명사거리역 1번출구),False,False
2017/04/20,14:30,광명시장 인사,광명사거리역 10번출구(광명시장 내부),False,False
2017/04/20,15:30,부천원미갑 유세,역곡상상시장 남측입구앞 아리따움 역곡점(부천시 부일로 748),False,False
2017/04/20,15:50,역곡상상시장 인사,역곡상상시장,False,False
2017/04/20,16:30,부천소사 유세,부천역 남부광장(부천시 심곡본동 545-10),False,False
2017/04/21,09:00,제5차 국민주권선거대책위원회회의,당사 4층. 대회의실,False,False
2017/04/21,10:00,4차 산업혁명 신산업 전문가 지지선언 및 정책제안 전달식,당사 2층. 브리핑 룸,False,False
2017/04/21,10:50,과학기술인 지지선언,당사 4층. 대회의실,False,False
2017/04/21,17:00,광주도자비엔날레 행사장 앞 유세,곤지암도자공원 입구 정자 앞(곤지암읍 경충대로 727),False,False
2017/04/22,12:00,남원 유세,남원 양림단지 음악분수대앞(남원시 어현동 음악분수대. 켄싱턴 옆),False,False
2017/04/22,15:30,전주 유세,삼익수영장 앞(전주시 완산구 용리로 127),False,False
2017/04/22,16:30,익산 소상공인간담회,영등공원 內(익산시 하나로 11길 7 YMCA옆),False,False
2017/04/23,15:00,시흥 유세,삼미시장 (시흥시 신천동 738-6),False,False
2017/04/23,16:10,군포 유세,산본중심상가 원형광장 앞 (군포시 산본로 323번길22. 산본역 3번출구 앞),False,False
2017/04/23,16:50,군포 유세,당동우체국 사거리 앞 (군포시 군포로 495),False,False
2017/04/23,18:00,안산 유세,중앙역 앞 (안산시 단원구 중앙대로 918),False,False
2017/04/24,09:00,제6차 국민주권선거대책위원회의,당사 4층 대회의실,False,False
2017/04/24,12:00,찰떡모임 오찬,외백(영등포구 국회대로 72길 17),False,False
2017/04/25,10:00,포용구각위원회 임명장 수여식,당사 4층 대회의실,False,False
2017/04/25,10:30,예비역 여군 지지선언,당사 2층 브리핑룸,False,False
2017/04/25,14:00,60년민주당계승위원회 임명장 수여식,의원회관 대회의실,False,False
2017/04/26,09:00,제7차 국민주권선거대책위원회의,당사 4층 대회의실,False,False
2017/04/26,11:00,천군만마(天軍萬馬) 국방안보 1000인 지지선언 기자회견,국회본청 앞 계단,False,False
2017/04/26,14:00,농어민위원회 선대위 임명장 수여식,의원회관 제2소회의실,False,False
2017/04/26,14:50,역사와 미래위원회 정책제안식,의원회관 제3세미나실,False,False
2017/04/26,16:00,관악 유세,신림역 5번출구. 봉림교 공중화장실 옆(관악구 신림동 1433-15),False,False
2017/04/26,18:00,관악 유세,서울대입구(2호선) 7번 출구 앞(관악구 남부순환로 1822 인근),False,False
2017/04/27,14:20,중소-벤처-소상공인 3000인 지지선언,국회 본청 정론관,False,False
2017/04/27,17:00,서울 노원 유세,공릉도깨비시장 내 쇼핑센터 앞 광장(노원구 동일로 180길 37),False,False
2017/04/27,18:30,서울 중랑 유세,사가정역(7호선) 4번 출구 앞,False,False
2017/04/28,09:30,제8차 국민주권선거대책위원회의,충남도당(천안시 동남구 만남로 9 포스코더샵빌딩 313호),False,False
2017/04/28,11:00,충무공 이순신 장군 탄신 제472주년 기념행사,현충사 사당(아산시 염치읍 백암리 100),False,False
2017/04/28,13:30, 충남 예산역전 앞 유세,,False,False
2017/04/28,14:30,긴급 기자회견,충남도당 회의실(천안시 동남구 마남로 9. 포스코더샵 313호),False,False
2017/04/28,16:50,경북도민체전 개막식 유세,영천시민운동장(경북도민체전 개막식 앞. 영천시 운동장로 60),False,False
2017/04/29,16:40,광주프린지페스티벌 축제장 방문 및 시민홍보,구 도청 앞 5.18 민주광장 부근 예술의 거리 무대 앞,False,False
2017/04/29,17:30,광주 집중유세,충장로 우체국 앞(충장로 94),False,False
2017/04/29,18:30,빛고을 관등 법회,금남로 5.18 민주광장,False,False
2017/04/30,13:00,남양주 유세,도농동 부영프라자 앞(남양주시 도농로 29),False,False
2017/04/30,13:30,구리 유세,돌다리사거리 앞(구리시 경춘로 리맥스타워),False,False
2017/05/01,09:40,제9차 국민주권선거대책위원회의,동대구역 회의실 102호,False,False
2017/05/01,10:10,대구·경북 공약 발표 기자회견,동대구역 회의실 102호,False,False
2017/05/01,13:00,경북 포항 유세,포항 죽도시장(포항시 북구 죽도시장길 2),False,False
2017/05/01,15:00,대구 달성군 화원시장 유세,대구 달성군 화원읍 인흥길 33-4),False,False
2017/05/02,13:00,전국장애인부모연대 문재인후보 지지결의대회,국회본청 앞 계단,False,False
2017/05/02,14:00,5·18 민주유공자 문재인후보 지지선언,당사 2층 브리핑룸,False,False
2017/05/02,16:00,복지국가위원회 임명장 수여식,국회본청 당대표회의실,False,False
2017/05/02,18:00,사전투표 캠페인,고척스카이돔(구로구 경인로 430),False,False
2017/05/03,10:00,불기2561년 부처님 오신날 봉축법요식,조계사,False,False
2017/05/03,14:10,제10차 국민주권선거대책위원회의,부산시당 선대위 사무실(진구 중앙대로 721. NH투자증권 8층),False,False
2017/05/03,15:00,부산 부전시장 유세,부전시장 공영주차장 앞(진구 복지로 41번길 65-4),False,False
2017/05/04,09:30,탈북민 단체장 문재인 후보 지지선언,국회의원회관 소회의실,False,False
2017/05/04,10:10,영입 기자회견,당사 2층 브리핑룸,False,False
2017/05/04,11:00,사전투표,서울역 3층 맞이방,False,False
2017/05/04,11:30,남대문시장 유세,남대문시장 입구 (4호선 회현역 5번 출구. 중구 퇴계로 54 인근),False,False
2017/05/04,13:00,용산 후암재래시장 유세,후암재래시장입구 (용산후암점 파리바게뜨. 용산구 후암로 47),False,False
2017/05/04,15:00,금융제도개선위원회 임명장 수여식,국회 본청 당대표회의실,False,False
2017/05/04,16:30,재외동포 투표독려 홍보단 임명장 수여식,당사 4층 대회의실,False,False
2017/05/05,11:00,제11차 국민주권선거대책위원회의,당사 4층 대회의실,False,False
2017/05/05,14:30,강원대학교 어린이병원 방문,강원대학교병원 어린이병원 (춘천시 백령로 156),False,False
2017/05/05,16:00,원주 나들이객 인사,원주종합운동장 (원주시 서원대로 311),False,False
2017/05/06,13:50,세월호 미수습자 가족 및 유가족 면담,목포신항만 (목포시 신항로 294번길 45),False,False
2017/05/06,15:05,목포 유세,목포국제서림 (목포시 호남로 64번길 28-1),False,False
2017/05/06,16:10,강진 유세,강진버스여객터미널 앞 (강진군 강진읍 영랑로 35),False,False
2017/05/06,17:40,화순 유세,화순국민은행 사거리 (KB국민은행 화순지점. 화순군 화순읍 광덕로 180),False,False
2017/05/07,13:00,경기 분당 유세,미금역 1번출구 (성남시 분당구 성남대로 156),False,False
2017/05/07,15:00,경기 안양 유세,범계역 2번출구 신한은행 앞(경기도 안양시 동안구 호계동),False,False
2017/05/07,17:00,인천 서구 유세,정서진 중앙시장 (인천 서구 신현동 e편한세상 정문 앞),False,False
2017/05/08,09:00,제12차 국민주권선거대책위원회의,당사 4층 대회의실,False,False
2017/05/08,10:30,민주노총 산하 민주금융노조 지지선언,국회본청 정론관,False,False
2017/05/08,14:20,대구 유세,대구백화점 (중구 동성로 30),False,False
2017/05/08,16:15,대전 인사,대전중앙시장 (동구 대전로 783),False,False
2017/05/08,18:50,광화문 유세,광화문,False,False
2017/05/15,09:00,최고위원회의,국회본청 당대표회의실,False,False
2017/05/15,09:30,신임 전병헌 대통령 정무수석 예방,국회본청 당대표실,False,False
2017/05/15,14:00,중앙위원회의,중앙당사 2층,False,False
2017/05/16,10:00,제20대 국회 더불어민주당 제2기 원내대표 선거,국회 본청 246호,False,False
2017/05/16,11:00,임종석 대통령 비서실장 예방,국회 본청 당대표회의실,False,False
2017/05/17,08:50,최고위원회의,국회 본청 당대표회의실,False,False
2017/05/17,09:30,한국미래포럼 2017,전경련회관 컨퍼런스센터 1층 그랜드볼룸,False,False
2017/05/18,10:00,제37주년 5.18민주화운동 기념식,국립 5.18민주묘지,False,False
2017/05/18,10:50,민족민주열사묘역 순례,민족민주열사묘역,False,False
2017/05/23,14:00,故노무현 대통령 서거 8주기 추도식,경남 김해시 진영읍 본산리 노무현 대통령 묘역,False,False
2017/05/23,15:00,故노무현 대통령 참배,경남 김해시 진영읍 본산리 노무현 대통령 묘역,False,False
2017/05/23,15:30,권양숙 여사 예방,노무현 대통령 사저,False,False
2017/05/24,09:00,최고위원회의,국회 본청 당대표회의실,False,False
2017/05/24,17:00,서울포럼 2017 개막식,신라호텔 본관 2층 다이너스티홀,False,False
2017/05/26,09:00,최고위원회의,국회 본청 당대표회의실,False,False
2017/05/26,10:30,박주선 국민의당 비대위원장 예방,국회 본청 당대표회의실,False,False
2017/05/28,15:00,더불어민주당 국회의원 워크숍,국회 본청 246호,False,False
2017/05/29,09:00,최고위원회의,국회 당대표회의실,False,False
2017/05/29,16:30,의원총회,국회 예결위회의장,False,False
2017/05/29,17:00,본회의,국회 본회의장,False,False
2017/05/30,15:00,정의용 국가안보실장 예방,국회 본청 당대표회의실,False,False
2017/06/01,11:00,이낙연 국무총리 예방,국회 본청 당대표회의실,False,False
2017/06/02,09:00,최고위원회의,국회 본청 당대표회의실,False,False
2017/06/02,14:30,‘든든한 민주당. 국민 속으로’- 1편 : 어린이집 보육정책 간담회,하늘다솜어린이집(인천 남동구 남동대로215번길 30),False,False
2017/06/02,16:00,인천시당 공로당원 표창 수여식,인천시당 세미나실(인천 남동구 미래로 41 한빛빌딩 2층),False,False
2017/06/05,07:30,제1차 고위당정회의(국무총리 서울공관,서울 종로구 삼청로 95),False,False
2017/06/05,10:00, 최고위원회의(국회 본청 당대표회의실),,False,False
2017/06/06,10:00,제62회 현충일 추념식,국립서울현충원 현충문 앞 광장,False,False
2017/06/07,10:30,최고위원회의,전북도당 4층 회의실(전주시 완산구 홍산로 269 아데나스포츠 빌딩 401호),False,False
2017/06/07,11:00,대선승리 공로자 전북도당 표창장 수여식,전북도당 4층 회의실,False,False
2017/06/07,13:30,‘든든한 민주당. 국민 속으로’ -2편 : AI 재난 상황실 방문,군산시청 5층 재난상황실(군산시 시청로 17),False,False
2017/06/08,14:00,의원총회,국회 본청 예결위회의장,False,False
2017/06/09,10:40,최고위원회의,광주시당 대회의실(광주시 서구 죽봉대로 하이모빌딩8층),False,False
2017/06/09,11:00,대선승리 공로자 광주시당·전남도당 표창장 수여식,희망카페(광주시당 : 광주시 서구 죽봉대로 하이모빌딩8층),False,False
2017/06/09,13:40,‘든든한 민주당. 국민 속으로’- 3편 : 한전방문 및 에너지밸리 조성 간담회,나주 혁신도시 한국전력 확대간부회의실 30층(나주시 빛가람동 120),False,False
2017/06/10,10:00, 제30주년 6.10 민주항쟁 기념식(서울광장),,False,False
2017/06/12,09:00,최고위원회의,국회 본청 당대표회의실,False,False
2017/06/12,10:30,일본 자민당 방한단 예방,당사 4층 당대표실,False,False
2017/06/12,13:40,대통령 시정연설 사전환담,국회 본청 3층 의장접견실(비공개),False,False
2017/06/12,14:00,본회의,국회 본청 본회의장,False,False
2017/06/12,15:00,김동연 신임 부총리 예방,국회 본청 당대표회의실,False,False
2017/06/14,09:00,최고위원회의,국회 본청 당대표회의실,False,False
2017/06/14,12:00,수요집회,일본대사관 앞(종로구 율곡로 6),False,False
2017/06/15,11:30,긴급 중진의원 간담회,국회 본청 당대표회의실,False,False
2017/06/15,18:00,6.15 남북정상회담 17주년 기념식,63빌딩 그랜드볼룸 2층,False,False
2017/06/16,09:00,최고위원회의,서울시당 대회의실(영등포구 영신로 166),False,False
2017/06/16,10:30,서울시당 공로당원 표창 수여식,의원회관 대회의실,False,False
2017/06/19,09:00,최고위원회의,국회 본청 당대표회의실,False,False
2017/06/19,14:00,소상공인 3만명 당원가입을 위한 워크숍,서울시 중구 구민회관 1층 소강당,False,False
2017/06/19,15:30,김부겸 행정자치부 장관 예방,국회 본청 당대표회의실,False,False
2017/06/20,07:30,TBS 김어준의 뉴스공장 인터뷰(FM 95.1Mhz),(비공개),False,False
2017/06/21,09:30,최고위원회의,경기도당 대회의실(수원시 팔달구 효원로 119 청궁빌딩 3층),False,False
2017/06/21,10:15,경기도당 공로당원 표창 수여식,경기도의회 대회의실(수원시 팔달구 효원로 1),False,False
2017/06/21,13:30,‘든든한 민주당. 국민 속으로’- 4편 : 경기 수원 산업단지 방문 및 중소기업인 간담회,미경테크(수원시 권선구 산업로 155번길 7),False,False
2017/06/22,11:00,도종환 문화체육관광부 장관 예방,국회 본청 당대표회의실,False,False
2017/06/22,13:30,의원총회,국회 본청 예결위회의장,False,False
2017/06/22,14:00,본회의,국회 본청 본회의장,False,False
2017/06/22,14:30,김영춘 해양수산부 장관 예방,국회 본청 당대표회의실,False,False
2017/06/22,15:00,강경화 외교부 장관 예방,국회 본청 당대표회의실,False,False
2017/06/23,10:30,최고위원회의,평창 알펜시아리조트 컨벤션센터 평창홀1(평창군 대관령면 솔봉로 325),False,False
2017/06/23,11:05,강원도당 공로당원 표창 수여식,평창 알펜시아리조트 컨벤션센터 평창홀2,False,False
2017/06/23,13:00,평창동계올림픽 준비현황 보고,평창동계올림픽 조직위원회,False,False
2017/06/23,13:45,MOC(종합상황실) 현황보고,평창동계올림픽 조직위원회 3층 MOC,False,False
2017/06/23,13:55,평창동계올림픽 개폐회식장 시찰,평창동계올림픽 개폐회식장(평창군 대관령면 횡계리 346),False,False
2017/06/25,10:00,6.25전쟁 제67주년 행사,잠실실내체육관(서울 송파구 올림픽로 25 서울종합운동장),False,False
2017/06/26,09:00,최고위원회의,국회 당대표회의실,False,False
2017/06/26,10:30,지리산권 친환경 전기열차 국정과제 정책토론회,의원회관 제2소회의실,False,False
2017/06/26,11:30,블로딘 러시아 하원의장. 국회의장 예방,국회 접견실(본청 317호),False,False
2017/06/26,12:30,블로딘 러시아 하원의장 환영 오찬,사랑재,False,False
2017/06/27,14:00,본회의,국회 본청 본회의장,False,False
2017/06/27,15:15,바른정당 이혜훈 신임 당대표 예방,국회 본청 당대표회의실,False,False
2017/06/27,15:30,김상조 공정거래위원장 예방,국회 본청 당대표회의실,False,False
2017/06/27,19:30,한·러 의장 공동주최 공식만찬,롯데호텔 크리스탈 볼룸 2층,False,False
2017/06/28,09:00,2017 경향포럼,롯데호텔 2층 크리스탈볼룸(중구 을지로 30),False,False
2017/06/28,10:30,최고위원회의,국회 본청 당대표회의실,False,False
2017/06/28,11:15,김현미 국토부장관 예방,국회 본청 당대표회의실,False,False
2017/06/29,08:03,CBS 라디오 ‘김현정의 뉴스쇼’(FM 98.1MHz,비공개),False,False
2017/06/29,13:00,연합뉴스 제3회 한반도통일 심포지엄,롯데호텔 2층 크리스탈볼룸,False,False
2017/06/29,18:50, 미합중국 제241차 독립기념일 행사(비공개),,False,False
2017/06/30,09:00,최고위원회의,국회 본청 당대표회의실,False,False
2017/06/30,13:30,헬무트 콜 독일 前 총리 조문사절단 방문,인천공항 출국장,False,False
2017/07/03,08:20,최고위원회의,국회 본청 당대표회의실,False,False
2017/07/03,10:30,아시아리더십컨퍼런스,서울 워커힐호텔 미팅룸 1(비스타홀),False,False
2017/07/04,09:30,아시아리더십컨퍼런스,서울 워커힐 호텔 미팅룸 1(비스타홀),False,False
2017/07/04,14:00,자유한국당 홍준표 신임대표 예방,국회 본청 당대표 회의실,False,False
2017/07/05,10:30,최고위원회의,부산 약사회관 3층 회의실(부산 동구 272),False,False
2017/07/05,11:00,부산시당·울산시당·경남도당 공로당원 표창 수여식,약사회관 7층 대강당,False,False
2017/07/05,14:30,‘든든한 민주당. 국민 속으로’- 5편 : 부산정보산업진흥원 탐방 및 간담회,부산정보산업진흥원(부산 해운대구 센텀동로 41),False,False
2017/07/06,08:10,MBC 라디오 '신동호의 시선집중'(95.9MHz,비공개),False,False
2017/07/06,10:00,추궈홍 주한 중국대사 예방,국회 본청 당대표회의실,False,False
2017/07/06,10:40,조명균 신임 통일부 장관 예방,국회 본청 당대표회의실,False,False
2017/07/06,14:00,제19대 대통령선거 승리 공로당원 표창장 수여식,중앙당사 2층 대강당,False,False
2017/07/07,10:30,최고위원회의,천안축구센터 다목적홀(천안시 서북구 축구센터로 150 천안축구센터),False,False
2017/07/07,11:00,세종·충남 공로당원 표창 수여식,천안축구센터 대세미나실B,False,False
2017/07/07,13:15,‘든든한 민주당. 국민 속으로’- 6편 : 천안아산KTX역세권의 R&D집적지구 조성을 위한 준비 현황 보고,창조경제혁신센터(KTX 천안·아산역사 2층),False,False
2017/07/10,09:00,최고위원회의,국회 본청 당대표회의실,False,False
2017/07/10,10:00,더불어민주당 대구경북특별위원회 1차회의,국회 본청 원내대표회의실,False,False
2017/07/10,14:00,2017년 일본군'위안부' 피해자 관련 특별기획전 <하나의 진실. 평화를 향한 약속> 기념행사,대한민국역사박물관 1층 기획전시실 앞(종로구 세종대로 198),False,False
2017/07/11,13:15,의원총회,국회 본청 246호,False,False
2017/07/11,14:00,본회의,국회 본청 본회의장,False,False
2017/07/12,10:30,최고위원회의,오페라웨딩홀 2층 세이지홀(대전 서구 탄방동 587),False,False
2017/07/12,11:00,대전시당 공로당원 표창 수여식,오페라웨딩홀 2층 라임홀(대전 서구 탄방동 587),False,False
2017/07/12,14:00,‘든든한 민주당. 국민 속으로 7편’- 중부권 거점 공항 조성,한국공항공사 청주지사 회의실(청주시 청원구 내수읍 오창대로 980),False,False
2017/07/12,15:30,충북도당 공로당원 표창 수여식,충북도당 회의실(청주시 청원구 율봉로 141),False,False
2017/07/13,10:00,제임스 최 호주 대사 예방,국회 당대표 회의실,False,False
2017/07/13,11:00,김은경 환경부 장관 예방,국회 당대표 회의실,False,False
2017/07/13,11:40,정의당 이정미 신임대표 예방,국회 당대표 회의실,False,False
2017/07/14,10:30,최고위원회의,하니크라운호텔 1층 홀 (제주시 삼성로 10),False,False
2017/07/14,11:00,제주도당 공로당원 표창 수여식,하니크라운호텔 1층 홀 (제주시 삼성로 10),False,False
2017/07/17,09:00,최고위원회의,국회 본청 당대표회의실,False,False
2017/07/17,10:00,제69주년 제헌절 경축식,국회 본청 중앙홀,False,False
2017/07/18,14:00,본회의,국회 본청 본회의장,False,False
2017/07/19,09:00,최고위원회의,국회 본청 당대표회의실,False,False
2017/07/19,11:30,영수회담,청와대 본관(비공개),False,False
2017/07/20,13:00,국가재정전략회의,청와대 영빈관(비공개),False,False
2017/07/21,10:00,청주 호우 피해 현장 방문,청주시 흥덕구 오송읍 호계리 일원(전주페이퍼 청주공장 : 청주시,False,False
2017/07/21,11:00,청주 호우 피해 주민 위로·격려 방문,청주시 흥덕구 송절동 48,False,False
2017/07/21,13:30,국가재정전략회의,청와대 영빈관(비공개),False,False
2017/07/24,09:00,최고위원회의,국회 당대표 회의실,False,False
2017/07/24,14:20,위안부 피해자 고 김군자 할머니 빈소방문,성남 분당 차병원 특실,False,False
2017/07/26,08:50,'LGU+ 고교실습생 사망사건 해결' 상생 꽃달기 행사,국회 본청 당대표 회의실,False,False
2017/07/26,09:00,최고위원회의,국회 본청 당대표 회의실,False,False
2017/07/26,10:30,박상기 법무부장관 예방,국회 본청 당대표 회의실,False,False
2017/07/28,09:00,최고위원회의,국회 본청 당대표회의실,False,False
2017/07/28,11:00,2017년 인터넷신문의 날 기념식,한국프레스센터 20층,False,False
2017/08/07,09:00,최고위원회의,국회 당대표 회의실,False,False
2017/08/09,9:00 ,최고위원회의,국회 본청 당대표회의실,False,False
2017/08/09,10:00,‘탈원전과 신고리 5.6호기 공론화 방향 모색’ 토론회,국회의원회관 2층 제1세미나실,False,False
2017/08/09,14:00,문무일 검찰총장 예방,국회 본청 당대표회의실,False,False
2017/08/11,09:00,최고위원회의,국회 본청 당대표회의실,False,False
2017/08/12,10:30,제2회 일본군 '위안부' 피해자 기림행사,나눔의 집(경기도 광주시 퇴촌면 가새골길 85),False,False
2017/08/14,09:00,최고위원회의,국회 본청 당대표회의실,False,False
2017/08/14,14:00,미국 대사대리 예방,국회 본청 당대표회의실,False,False
2017/08/15,10:00,제72주년 광복절 경축식,세종문화회관 대극장,False,False
2017/08/16,07:30,고위 당정청 회의,국회 본청 귀빈식당 1호실,False,False
2017/08/16,09:30,최고위원회의,국회 본청 당대표 회의실,False,False
2017/08/16,14:00,에릭 월시 캐나다 대사 예방,국회 본청 당대표 회의실,False,False
2017/08/16,15:00,김영주 고용노동부 장관 예방,국회 본청 당대표 회의실,False,False
2017/08/17,10:30,소상공인 연합회. 추미애 대표 '감사패' 전달,국회 본청 당대표회의실,False,False
2017/08/17,14:00,적폐청산위원회 제1차 회의,국회 본청 당대표회의실,False,False
2017/08/18,08:40,최고위원회의,국회 본청 당대표회의실,False,False
2017/08/18,10:00,김대중 전 대통령 서거 8주기 추도식,국립서울현충원 현충관,False,False
2017/08/18,14:00,의원총회,국회 본청 246호,False,False
2017/08/21,09:00,최고위원회의,국회 본청 당대표회의실,False,False
2017/08/21,14:00,국정비전과 국정과제 전국 순회 설명회,국회 도서관 대강당,False,False
2017/08/21,14:20,2017 심포지엄 '과로자살 및 과로사방지법,국회 의원회관 2층 제2소회의실,False,False
2017/08/22,11:00,5.18묘역 참배,국립5.18민주묘지 (북구 민주로 200),False,False
2017/08/22,11:30,위르겐 힌츠페터 묘지 헌화,망월동 묘역 (북구 민주로 285),False,False
2017/08/22,13:40,오월 어머니회 회장단 및 5.18 당시 택시운전사 등 차담회,충장로 CGV 건물 10층 애슐리 (동구 중앙로 163 NC웨이브 11층),False,False
2017/08/22,14:00,영화 ‘택시운전사’ 관람,충장로 CGV 1관 (동구 중앙로 163 NC웨이브 11층),False,False
2017/08/23,09:00,최고위원회의,국회 본청 당대표회의실,False,False
2017/08/23,14:30,영국 대사 예방,국회 본청 당대표회의실,False,False
2017/08/23,18:00,‘더민주 정치대학’ 입학식,글래드호텔 지하 1층,False,False
2017/08/25,14:00,2017 정기국회 대비 국회의원 워크숍,홍익대학교 국제연수원(세종시 조치원읍 안터길89),False,False
2017/08/27,11:00,추미애 당대표 취임 1주년 기자회견,중앙당사 2층 대강당,False,False
2017/08/28,09:00,최고위원회의,국회 당대표회의실,False,False
2017/08/28,14:00,러시아 지누로프 상원의원 조각전시회-김유신장군 헌정 기념 ‘세계 역사 인물 조각전’,인사아트프라자갤러리 5층 4관(종로구 인사동길 34-1),False,False
2017/08/28,16:00,안철수 국민의당 신임 당대표 예방,국회 당대표회의실,False,False
2017/08/29,10:00,'촛불혁명. 대한민국을 새롭게 하다' 토론회,국회의원회관 대회의실,False,False
2017/08/29,10:30,러시아 티모닌 대사 예방,국회 본청 당대표회의실,False,False
2017/08/29,16:30,故하상숙 할머님 조문,강동 경희대병원 장례식장 12호실,False,False
2017/08/30,09:00,최고위원회의,국회 당대표회의실,False,False
2017/08/30,10:30,대한상의 박용만 회장 면담,국회 당대표회의실,False,False
2017/09/01,09:00,최고위원회의,국회 본청 당대표회의실,False,False
2017/09/01,13:30,제주4.3완전한 해결을 위한 입법과제 토론회,국회의원회관 2소회의실,False,False
2017/09/01,14:00,본회의 개회식,국회 본회의장,False,False
2017/09/04,09:30,의원총회,국회 본청 246호(비공개),False,False
2017/09/04,10:00,본회의(교섭단체대표연설),국회 본회의장,False,False
2017/09/05,09:30,의원총회,국회 본청 246호,False,False
2017/09/05,10:00,본회의,국회 본회의장,False,False
2017/09/05,15:30,긴급안보당정협의회,삼청동 총리공관,False,False
2017/09/06,09:00,최고위원회의,국회 본청 당대표회의실,False,False
2017/09/06,10:00,본회의,국회 본회의장,False,False
2017/09/06,15:00,이스라엘대사 예방,국회 본청 당대표회의실,False,False
2017/09/07,10:00,본회의,국회 본회의장,False,False
2017/09/07,11:00,핵심국정과제 이행 TFT 전체회의,국회 본청 당대표회의실,False,False
2017/09/08,08:50,용산 화상경마장 폐쇄 타결 상생 꽃달기,국회 본청 당대표회의실,False,False
2017/09/08,09:00,최고위원회의,국회 본청 당대표회의실,False,False
2017/09/11,09:00,최고위원회의,국회 본청 당대표회의실,False,False
2017/09/11,11:00,의원총회,국회 본청 246호,False,False
2017/09/11,14:00,본회의,국회 본청 본회의장,False,False
2017/09/12,10:00,(사)백봉정치문화교육연구원 개원식 및 학술토론,국회의원회관 대회의실,False,False
2017/09/12,14:00,본회의(대정부질문),국회 본회의장,False,False
2017/09/13,09:00,최고위원회의,국회 본청 당대표회의실,False,False
2017/09/13,08:50,평창올림픽 티켓 약정식,국회 본청 당대표회의실,False,False
2017/09/13,14:00,본회의(대정부질문),국회 본회의장,False,False
2017/09/13,18:00,'K-9 자주포 사고' 고(故) 위동민 병장 조문,국군수도병원 장례식장,False,False
2017/09/14,13:20,의원총회,국회 본청 246호,False,False
2017/09/14,14:00,본회의(대정부질문),국회 본회의장,False,False
2017/09/15,09:00,최고위원회의,국회 본청 당대표회의실,False,False
2017/09/18,10:00,제62주년 민주당 창당기념식,경기 광주 신익희 생가(경기도 광주시 초월읍 서하길 6-25),False,False
2017/09/18,10:30,현장최고위원회의,서하리 마을회관(경기도 광주시 초월읍 서하길 5 서하리마을회관),False,False
2017/09/18,15:00,프랑스 대사 면담,국회 본청 당대표회의실,False,False
2017/09/20,09:00,최고위원회의,국회 본청 당대표회의실,False,False
2017/09/20,09:30,(비공개)의원총회,국회 본청 246호,False,False
2017/09/20,14:00,아주경제 창간10주년 기념 ‘2017 GGGF',플라자호텔 별관 B2 그랜드볼룸,False,False
2017/09/20,16:00,더불어민주당 전국소상공인 당원보고대회,국회의원회관 대회의실,False,False
2017/09/21,09:30,국민미래포럼,국민일보 12층 컨벤션홀,False,False
2017/09/21,14:00,본회의,국회 본회의장,False,False
2017/09/22,09:00,최고위원회의,국회 본청 당대표회의실,False,False
2017/09/22,11:00,보건복지제도개선 특별위원회 정책공조 협약식,국회 본청 당대표회의실,False,False
2017/09/22,14:00,인도 상공부장관 면담,국회 본청 당대표회의실,False,False
2017/09/25,08:50,딜라이브케이블TV 상생 꽃달기,국회 본청 당대표회의실,False,False
2017/09/25,09:00,최고위원회의,국회 본청 당대표회의실,False,False
2017/09/25,17:00,원외지역위원장 워크숍,평창 알펜시아 컨벤션센터,False,False
2017/09/26,11:00,군부대 격려 방문,일산 동구 성석동,False,False
2017/09/26,18:30,10.4남북정상선언 10주년 기념식(만찬),63컨벤션센터 2층,False,False
2017/09/27,10:30,최고위원회의,김대중컨벤션센터,False,False
2017/09/27,11:00,광주·전남 예산정책협의회,김대중컨벤션센터,False,False
2017/09/27,19:00,대통령-여야 지도부 회동,청와대,False,False
2017/09/28,10:00,건군 제69주년 국군의날 기념식,평택 해군2함대사령부,False,False
2017/09/28,14:00,본회의,국회 본회의장,False,False
2017/09/29,08:50,제19대 대선 백서 발간 시연회,국회 본청 당대표회의실,False,False
2017/09/29,09:00,최고위원회의,국회 본청 당대표회의실,False,False
2017/09/29,10:30,추석 귀향 인사,용산역,False,False
2017/10/01,15:00,재래시장 방문,자양골목시장(광진구 자양로15길 60),False,False
2017/10/02,12:00,서해5도 귀향객 인사,인천연항항 여객터미널,False,False
2017/10/03,10:00,제4349주년 개천절 경축식,세종문화회관 대극장,False,False
2017/10/03,11:30,'나는 민주당이다'  당원가게 1호 지정식,국민전통갈비(강서구 곰달래로 49길 14),False,False
2017/10/09,10:00,571돌 한글날 경축식,세종문화회관 대극장,False,False
2017/10/09,11:30,추석민심 최고위원회의,국회 본청 당대표회의실,False,False
2017/10/10,09:30,국감상황실 현판식,국회 본청 원내행정실 앞,False,False
2017/10/10,10:00,사형집행 중단 20년. 대한민국 사형폐지 기념식,국회의원회관 제1소회의실,False,False
2017/10/10,14:00,세계한인민주회의 대표자 대회,여의도 GLAD 호텔,False,False
2017/10/10,14:20,더불어민주당 여성지방의원 워크숍,여의도 켄싱턴 호텔,False,False
2017/10/11,09:00,최고위원회의,국회 본청 당대표회의실,False,False
2017/10/12,10:00,국정감사,국회 본청 401호,False,False
2017/10/13,09:00,최고위원회의,국회 본청 당대표회의실,False,False
2017/10/13,10:00,국정감사,국회 본청 401호,False,False
2017/10/13,13:50,정치클라우드펀딩 ‘민펀’출시  1호 약정식(정당발전위원회),국회 본청 당대표회의실,False,False
2017/10/14,14:50,청년정치 ‘UP’데이트 아카데미 입학식,국회의원회관 제3세미나실,False,False
2017/10/16,10:00,제38주년 부마민주항쟁 기념식,부산 민주공원 가리사리마당,False,False
2017/10/17,08:00,세계지식포럼 개막식,장충체육관,False,False
2017/10/18,09:30,세계지식포럼,장충체육관,False,False
2017/10/18,11:20,최고위원회의,국회 본청 당대표회의실,False,False
2017/10/27,09:00,최고위원회의,국회 본청 당대표회의실,False,False
2017/10/28,18:00,촛불집회 1주년 기념식,광화문 광장,False,False
2017/10/30,09:00,최고위원회의,국회 본청 당대표회의실,False,False
2017/10/30,10:30,태국 대사 예방,국회 본청 당대표회의실,False,False
2017/11/01,09:00,최고위원회의,국회 본청 당대표회의실,False,False
2017/11/01,10:00,대통령 시정연설,국회 본회의장,False,False
2017/11/02,10:00,민중당 대표단 예방,국회 본청 당대표회의실,False,False
2017/11/03,09:00,최고위원회의,국회 본청 당대표회의실,False,False
2017/11/06,09:00,최고위원회의,국회 본청 당대표회의실,False,False
2017/11/06,14:00,행정수도개헌을 위한 대토론회,헌정기념관 대강당,False,False
2017/11/06,15:00,시도의회의장단 예방,국회 본청 당대표회의실,False,False
2017/11/07,19:00,트럼프 미국대통령 국빈 만찬,청와대,False,False
2017/11/08,09:00,최고위원회의,국회 본청 당대표회의실,False,False
2017/11/08,11:00,트럼프 미국대통령 국회 연설,국회 본청 본회의장,False,False
2017/11/08,18:00,대학생 리더십아카데미 입학식,더불어민주당 중앙당사 2층,False,False
2017/11/09,14:00,본회의,국회 본회의장,False,False
2017/11/10,09:00,최고위원회의,국회 본청 당대표회의실,False,False
2017/11/10,10:30,헨리조지와 지대개혁 토론회,국회의원회관 제3세미나실,False,False
2017/11/13,09:00,최고위원회의,국회 본청 당대표회의실,False,False
2017/11/13,16:10,유승민 바른정당 신임대표 예방,국회 본청 당대표회의실,False,False
2017/11/14,09:00,방미 출국 인사,인천국제공항 1문 A카운터,False,False
2017/11/20,09:00,최고위원회의,국회 본청 대표회의실,False,False
2017/11/20,13:30,포항 지진 현장 방문-현장상황보고,포항시 북구 흥해읍사무소,False,False
2017/11/20,13:50,포항 주민대피소 방문 및 격려,포항흥해공업고등학교,False,False
2017/11/20,14:40,수능 상황점검,포항 교육지원청,False,False
2017/11/20,15:35,KBS 포항 지진 피해 <우리가 함께 합니다> 성금모금,포항흥해공업고등학교 주민대피소 앞 스튜디오,False,False
2017/11/21,07:30,제5차 고위당정협의회,국회 본청 귀빈식당 2. 3호실,False,False
2017/11/21,12:00,제3회 여기자포럼,달개비,False,False
2017/11/22,09:00,최고위원회의,국회 본청 당대표회의실,False,False
2017/11/22,10:00,허이팅 중국 중앙당교 상무부교장 예방,국회 본청 당대표회의실,False,False
2017/11/22,14:00,故김영삼 대통령 서거 2주기 추모식,국립서울현충원 현충관,False,False
2017/11/24,08:50,최고위원회의,국회 본청 당대표회의실,False,False
2017/11/24,10:00,본회의,국회 본회의장,False,False
2017/11/24,19:20,청년정책연구소 출범식,중앙당사 2층 대강당,False,False
2017/11/27,09:00,더불어민주당 후원회 홍보영상 시사회,국회 본청 당대표회의실,False,False
2017/11/27,09:05,최고위원회의,국회 본청 당대표회의실,False,False
2017/11/28,14:00,혁신성장 전략회의,청와대 영빈관,False,False
2017/11/29,09:00,최고위원회의,국회 본청 당대표회의실,False,False
2017/11/29,10:30,한병도 신임 정무수석 예방,국회 본청 당대표회의실,False,False
2017/11/30,08:10,방중 출국 인사,김포공항 국제선 의전실 1호실,False,False
2017/12/01,09:50, 중관촌 시범구 전시센터 참관,,False,False
2017/12/01,16:00, 세계정당고위급대회 개막식,,False,False
2017/12/01,17:45, 제1차 전체회의,,False,False
2017/12/01,18:45, 왕후닝 상무위원 면담 및 만찬 간담회,,False,False
2017/12/02,09:30,인민일보.CCTV 등 중국언론매체 인터뷰,조어대 국빈관,False,False
2017/12/02,11:00,첸지닝 베이징 시장(북경동계올림픽집행위원장) 면담,베이징 시정부청사,False,False
2017/12/02,12:00,베이징 특파원 오찬간담회,북경호텔,False,False
2017/12/02,15:00,왕후닝 정치국 상무위원 좌담회,인민대회당,False,False
2017/12/03,09:00,2차 전체회의,조어대,False,False
2017/12/03,10:45,폐막식 기조연설,조어대,False,False
2017/12/03,13:45,왕야쥔 중국공산당 중련부 부장조리 면담,북경호텔,False,False
2017/12/03,18:25,(서울) 인천공항 도착,,False,False
2017/12/04,09:00,최고위원회의,국회 본청 당대표 회의실,False,False
2017/12/04,19:00,더불어민주당 ON정모 페이스북 라이브,페이스북코리아 스튜디오(서울 강남구 테헤란로 142 캐피탈타워 22층),False,False
2017/12/05,11:00,본회의,국회 본회의장,False,False
2017/12/06,10:00,최고위원회의,국회 본청 당대표회의실,False,False
2017/12/08,09:00,최고위원회의,국회 본청 당대표회의실,False,False
2017/12/08,10:00,러시아 하원 정보정책기술위원회 대표단 예방,국회 본청 당대표회의실,False,False
2017/12/08,14:00,본회의,국회 본회의장,False,False
2017/12/11,10:00,최고위원회의,당대표회의실,False,False
2017/12/11,12:35,러시아 방문 출국인사,인천공항 1게이트 앞,False,False
2017/12/12,11:00, 제12차 한-러 의회 합동회의,,False,False
2017/12/12,13:00, 볼로딘 하원의장 면담,,False,False
2017/12/12,13:20, 예피파노바 하원 러-한 의원협력그룹 회장 겸 부의장 주최 환영오찬,,False,False
2017/12/12,16:00, 트루트네프 부총리 면담,,False,False
2017/12/12,17:00, 갈루쉬카 극동개발부 장관 면담,,False,False
2017/12/12,18:30, 한국문화원 송년문화제,,False,False
2017/12/13,12:00, 상원 러-한 의원협력그룹 면담,,False,False
2017/12/13,13:30, 지누로프 상원 러-한 의원협력그룹 회장 주최 오찬,,False,False
2017/12/13,15:30, 외교아카데미 특강,,False,False
2017/12/13,17:30, 더불어민주당-통합러시아당 정당교류 협약,,False,False
2017/12/13,19:00, 통합러시아당 주최 만찬,,False,False
2017/12/14,08:00, 재러 경제인 조찬간담회,,False,False
2017/12/14,10:00, 모스크바 특파원 인터뷰,,False,False
2017/12/14,11:30, 알렉산드르 주코프 러시아올림픽위원장 겸 연방의회 하원 제1부의장 면담,,False,False
2017/12/15,17:00, 상트페테르부르그 시장 면담,,False,False
2017/12/16,09:40, 이범진 공사 순국비 헌화,,False,False
2017/12/16,10:10, 현대자동차 공장 방문,,False,False
2017/12/18,15:55,러시아 순방 귀국,인천공항,False,False
2017/12/19,13:30,민주연구원 집단지성센터 혁신성장토론회,국회의원회관 제9간담회실,False,False
2017/12/20,09:00,최고위원회의,국회 본청 당대표회의실,False,False
2017/12/20,14:00,‘문재인정부 2017년 국정운영 성과와 과제’토론회,국회 의원회관 제2소회의실,False,False
2017/12/21,08:10,양지열의 시선집중 인터뷰(95.9MHz,비공개),False,False
2017/12/21,10:00,개헌 의원총회,국회 본청 246호,False,False
2017/12/22,09:00,최고위원회의,국회 본청 당대표회의실,False,False
2017/12/22,10:00,본회의,국회 본회의장,False,False
2017/12/22,12:00,한중국제학술대회참석자 간담회,국회 본청 귀빈식당 별실1호,False,False
2017/12/22,14:00,제천화재 긴급대책회의,국회 본청 당대표회의실,False,False
2017/12/25,10:30,제천 합동분양소 조문,제천체육관,False,False
2017/12/25,11:00, 화재 사고 현장 방문,,False,False
2017/12/27,08:50,‘을지병원 갑질문화 및 파업 사태 해결’ 상생 꽃달기,국회 본청 당대표회의실,False,False
2017/12/27,09:00,최고위원회의,국회 본청 당대표회의실,False,False
2017/12/27,10:00,슈테판 아우어 주한 독일 대사 예방,국회 본청 당대표회의실,False,False
2017/12/28,14:30,좋은정책페스티벌 시상식,더불어민주당 중앙당사 2층,False,False
2017/12/29,08:30,최고위원회의,국회 본청 당대표회의실,False,False
2017/12/29,10:00,故 김근태 선생 6주기 추모미사,창동성당(서울특별시 도봉구 도봉로110나길 45 창동성당),False,False
2017/12/29,16:30,의원총회,국회 본청 246호,False,False
2017/12/29,17:00,본회의,국회 본회의장,False,False
2018/01/01,07:50,신년인사회(단배식),중앙당사 2층,False,False
2018/01/01,09:00,현충원 참배,국립서울현충원,False,False
2018/01/01,10:20,이희호 여사 예방,김대중도서관,False,False
2018/01/01,14:40,노무현 대통령 묘역 참배,봉하마을,False,False
2018/01/01,14:50,권양숙 여사 예방,봉하마을 사저,False,False
2018/01/02,12:00,대통령 주재 신년인사회,청와대 영빈관,False,False
2018/01/03,09:00,최고위원회의,국회 본청 당대표회의실,False,False
2018/01/03,15:00,경제계 신년 인사회(대한상공회의소),코엑스 D2홀. 3층,False,False
2018/01/05,09:00,최고위원회의,국회 본청 당대표회의실,False,False
2018/01/05,11:30,헌정회 신년 인사회,켄싱턴호텔 15층,False,False
2018/01/08,09:00,최고위원회의,국회 본청 당대표회의실,False,False
2018/01/10,09:00,최고위원회의,국회 본청 당대표회의실,False,False
2018/01/10,10:00,대통령 신년기자회견 시청,국회 본청 당대표실,False,False
2018/01/10,11:00,2018 중소기업인 신년인사회,중소기업중앙회관 그랜드홀,False,False
2018/01/12,09:00,최고위원회의,국회 본청 당대표회의실,False,False
2018/01/15,09:00,최고위원회의,국회 본청 당대표회의실,False,False
2018/01/16,10:00,신년 기자회견,더불어민주당 중앙당사 2층,False,False
2018/01/17,09:00,최고위원회의,국회 본청 당대표회의실,False,False
2018/01/19,09:00,최고위원회의,국회 본청 당대표회의실,False,False
2018/01/29,07:30,고위당정협의회,더불어민주당 중앙당사 9층,False,False
2018/01/29,09:30,최고위원회의,국회 본청 당대표회의실,False,False
2018/01/30,14:00,본회의 개회식,국회 본회의장,False,False
2018/01/30,13:30,의원총회,국회 본청 246호,False,False
2018/02/01,10:00,본회의,국회 본회의장,False,False
2018/02/01,11:00,에르씬 에르친 신임 주한 터키 대사 예방,국회 본청 당대표회의실,False,False
2018/02/01,13:20,혁신성장추진위원회 발대식,국회 본청 당대표회의실,False,False
2018/02/01,14:00,개헌 의원총회,국회 본청 246호,False,False
2018/02/02,09:00,최고위원회의,국회 본청 당대표회의실,False,False
2018/02/02,10:00,본회의,국회 본회의장,False,False
2018/02/02,11:00,민주러시 서포터즈 발대식,국회 본청 당대표회의실,False,False
2018/02/02,14:00,평창올림픽 성공 개최를 위한 전진대회,국회의원회관 대회의실,False,False
2018/02/02,17:00,평화민주통일연구회 창립30주년 기념식,국회의원회관 2소회의실,False,False
2018/02/05,10:00,최고위원회의,인천광역시당,False,False
2018/02/05,14:00,국회 본회의,국회 본청 본회의장,False,False
2018/02/06,14:00,본회의,국회 본회의장,False,False
2018/02/07,09:00,최고위원회의,국회 본청 당대표회의실,False,False
2018/02/07,10:30,민주평화당 조배숙 신임대표 예방,국회 본청 당대표회의실,False,False
2018/02/07,14:00,본회의,국회 본회의장,False,False
2018/02/08,20:00,삼지연관현악단 공연,강릉아트센터,False,False
2018/02/09,17:30,2018 평창 동계올림픽 개회식 사전 리셉션,용평리조트 블리스힐스테이,False,False
2018/02/09,20:00,2018 평창 동계올림픽 개막식,평창올림픽 스타디움,False,False
2018/02/12,09:00,최고위원회의,국회 본청 당대표회의실,False,False
2018/02/12,11:00,밥퍼 배식 봉사,밥퍼나눔운동본부(동대문구 황물로8),False,False
2018/02/12,14:00,남북태권도시범단 합동공연,서울시청 다목적홀,False,False
2018/02/13,11:00,청소년 지원시설 현장방문,영등포 유스스퀘어(영등포구 영등포로 64길 15),False,False
2018/02/14,09:00,최고위원회의,국회 본청 당대표회의실,False,False
2018/02/14,10:30,설 귀성인사,서울역사 3층,False,False
2018/02/15,14:00,뮌헨안보정상회의 참석 출국,인천국제공항 제2터미널,False,False
2018/02/20,15:55,귀국인사,인천국제공항 제2터미널),False,False
2018/02/21,10:00,최고위원회의,국회 본청 당대표회의실,False,False
2018/02/23,09:00,최고위원회의,국회 본청 당대표회의실,False,False
2018/02/23,10:30,바른미래당 박주선. 유승민 공동대표 예방,국회 본청 당대표회의실,False,False
2018/02/23,11:00,경제통상 현안 당정 대책회의,국회 본청 당대표실,False,False
2018/02/25,17:15,평창올림픽 폐회식 리셉션,용평블리스힐스테이,False,False
2018/02/25,20:00,평창올림픽 폐회식,평창 올림픽스타디움,False,False
2018/02/26,10:00,최고위원 회의,국회 본청 당대표회의실,False,False
2018/02/28,08:30,MBN포럼2018 개막식,장충체육관,False,False
2018/02/28,10:00,최고위원회의,국회 본청 당대표회의실,False,False
2018/02/28,13:20,제3차 외교통일안보자문회의,국회 본청 당대표회의실,False,False
2018/02/28,14:00,본회의,국회 본청 본회의장,False,False
2018/03/01,10:00,제99주년 3.1절 기념식,서대문형무소역사관(실외 행사장),False,False
2018/03/02,10:00,최고위원회의,국회 본청 당대표회의실,False,False
2018/03/04,11:30,3.8 여성의날 법정기념일 지정 기념 더불어민주당 여성대회,광화문광장,False,False
2018/03/04,13:30,3.8 여성의날 기념 제34회 한국여성대회 기념식 3.8 행진 참여,광화문광장,False,False
2018/03/05,09:00,최고위원회의,국회 본청 당대표회의실,False,False
2018/03/05,16:00,본회의,국회 본청 본회의장,False,False
2018/03/07,09:00,최고위원회의,국회 본청 당대표회의실,False,False
2018/03/07,12:00,청와대 5당 대표 회동,청와대 본관 인왕실,False,False
2018/03/07,15:00,전국윤리심판원·공직선거후보자검증위 연석회의,국회 본청 당대표회의실,False,False
2018/03/08,14:00,3.8세계여성의날 기념행사 ‘하나의 함성!’,국회의원회관 대회의실,False,False
2018/03/09,09:00,최고위원회의,국회 본청 당대표회의실,False,False
2018/03/09,10:30,민추협과 6월 항쟁 토론회,국회의원회관 1소회의실,False,False
2018/03/09,14:00,중앙위원회,국회도서관 대강당,False,False
2018/03/09,17:30,평창 패럴림픽 리셉션,용평 블리스힐스테이,False,False
2018/03/09,20:00,평창 패럴림픽 개회식,평창올림픽 스타디움,False,False
2018/03/12,09:00,최고위원회의,국회 본청 당대표회의실,False,False
2018/03/13,10:00,혁신성장과 규제혁신 토론회,국회의원회관 306호,False,False
2018/03/14,09:00,최고위원회의,국회 본청 당대표회의실,False,False
2018/03/16,09:00,최고위원회의,국회 본청 당대표회의실,False,False
2018/03/18,14:45,패럴림픽 아이스하키 메달 시상식,강릉 하키센터,False,False
2018/03/18,17:10,패럴림픽 폐회식 리셉션,용평 블리스힐스테이,False,False
2018/03/18,20:00,패럴림픽 폐회식,평창올림픽 스타디움,False,False
2018/03/19,10:00,최고위원회의,국회 본청 당대표회의실,False,False
2018/03/21,09:00,최고위원회의,국회 본청 당대표회의실,False,False
2018/03/21,17:00,2018 한국중소상인자영업자 총연합회 출범식 및 입법 결의대회,국회의원회관 대회의실,False,False
2018/03/23,10:00,제3회 서해 수호의 날 기념식,대전 현충원,False,False
2018/03/26,09:00,최고위원회의,국회 본청 당대표회의실,False,False
2018/03/27,11:00,전국직능대표자회의 연석회의,중앙당사 2층,False,False
2018/03/30,09:00,최고위원회의,국회 본청 당대표회의실,False,False
2018/03/30,14:00,본회의,국회 본회의장,False,False
2018/04/02,09:00,최고위원회의,국회 본청 당대표회의실,False,False
2018/04/02,14:00,본회의,국회 본청 본회의장,False,False
2018/04/03,10:00,제70주년 4.3희생자 추념식,제주4.3평화공원,False,False
2018/04/03,12:00,문재인대통령 주재 4.3희생자 유족 오찬,라마다프라자제주호텔,False,False
2018/04/04,09:00,최고위원회의,국회 본청 당대표회의실,False,False
2018/04/06,09:00,최고위원회의,국회 본청 당대표회의실,False,False
2018/04/06,10:00,이목희 일자리위원회 부위원장 신임 인사예방,국회 본청 당대표회의실,False,False
2018/04/06,11:00,귀환중국동포권익증진특별위원회 당원전진대회,국회의원회관 대회의실,False,False
2018/04/07,18:30,제주 4.3 광화문 국민문화제 "70년. 끝나지 않는 노래",광화문 북광장,False,False
2018/04/09,09:00, 최고위원회의,,False,False
2018/04/09,14:00, 본회의,,False,False
2018/04/09,13:30,의원총회,국회 본청 246호,False,False
2018/04/11,09:00,최고위원회의,국회 본청 당대표회의실,False,False
2018/04/11,14:00,사이먼 스미스 신임 주한영국대사 예방,국회 본청 당대표회의실,False,False
2018/04/11,18:30,4.16 4주기 추모간담회 “세월호 세대가 꿈꾸는 나라다운 나라”,서울시청 시민청 지하2층 태평홀,False,False
2018/04/13,08:40,최고위원회의,국회 본청 당대표회의실,False,False
2018/04/13,10:00,제99주년 대한민국 임시정부 수립 기념식,백범김구기념관 앞 야외광장,False,False
2018/04/14,19:00,4월 16일의 약속 다짐 문화제,광화문 북측 광장,False,False
2018/04/16,09:00,최고위원회의,국회 본청 당대표회의실,False,False
2018/04/16,15:00,4.16 세월호참사 희생자 정부 합동 영결 추도식,안산시 화랑유원지 광장,False,False
2018/04/19,10:00,제58주년 4.19혁명 기념식,4.19민주묘지,False,False
2018/04/20,09:00,충청권 광역단체장 후보자 인사,국회 본청 당대표회의실,False,False
2018/04/20,09:20,최고위원회의,국회 본청 당대표회의실,False,False
2018/04/23,09:00,최고위원회의,국회 본청 당대표 회의실,False,False
2018/04/25,09:30,국민과 함께! 2018 남북정상회담 성공기원 행사,국회 본청 계단 앞,False,False
2018/04/25,10:00,의원총회,국회 본청 246호,False,False
2018/04/27,09:20,남북정상회담 공개시청,국회 본청 당대표회의실,False,False
2018/04/30,09:00,최고위원회의,국회 본청 당대표회의실,False,False
2018/04/30,11:00,남북정상회담 결과 보고,국회 본청 당대표회의실,False,False
2018/05/01,09:00,한국노총 2018 노동절 마라톤대회,잠실올림픽주경기장,False,False
2018/05/02,09:00,최고위원회의,국회 본청 당대표회의실,False,False
2018/05/03,09:00,한국포럼2018 ‘한반도 비핵화와 新 동북아질서’,신라호텔 다이너스티홀,False,False
2018/05/03,14:00,“지방분권시대! 지방정부 노동행정 혁신의 과제와 방향성 모색” 토론회,국회의원회관 대회의실,False,False
2018/05/04,09:00,최고위원회의,국회 본청 당대표회의실,False,False
2018/05/08,13:30,의원총회,국회 본청 예결위회의장,False,False
2018/05/09,09:00,최고위원회의,국회 본청 당대표회의실,False,False
2018/05/09,16:00,경남도당 필승전진대회,창원 컨벤션센터,False,False
2018/05/10,14:00,충북도당 필승전진대회,청주 올림픽기념국민생활관(청주시 서원구 흥덕로 61),False,False
2018/05/11,09:00,최고위원회의,국회 본청 당대표회의실,False,False
2018/05/11,10:00,의원총회,국회 본청 246호,False,False
2018/05/11,15:00,대전시당 필승전진대회,호텔 ICC 3층(대전 유성구 엑스포로123번길 55),False,False
2018/05/11,19:00,울산시당 필승전진대회,울산 종하체육관,False,False
2018/05/12,11:00,충남도당 필승전진대회,천안 나사렛대학교 경건관(충남 천안시 서북구 월봉로 48),False,False
2018/05/12,15:00,경기도당 필승전진대회,서수원칠보체육관(수원시 권선구 서수원로577번길 171),False,False
2018/05/13,14:00,부산 필승전진대회,국제터미널 컨벤션센터 5층(부산광역시 동구 충장대로 206),False,False
2018/05/13,17:00,제주 문대림 후보자 개소식,제주시 연북로 22 6층,False,False
2018/05/14,10:00,최고위원회의,국회 본청 당대표회의실,False,False
2018/05/15,07:30,고위당정협의회,국무총리공관,False,False
2018/05/16,09:00,최고위원회의,국회 본청 당대표회의실,False,False
2018/05/16,10:00,의원총회,국회 본청 246호,False,False
2018/05/16,14:00,중앙선대위 출정식 및 공천장 수여식,국회의원회관 대회의실,False,False
2018/05/18,10:00,제38주년 5.18민주항쟁 기념식,5.18국립묘지,False,False
2018/05/18,16:00,2018 광주인권상 시상식,5.18기념문화센터 대동홀(광주광역시 서구 쌍촌동 1268),False,False
2018/05/18,17:00,6.13지방선거 광주지역후보자 합동정책간담회,이용섭 후보 선거사무소(광주광역시 서구 치평동 1208-2),False,False
2018/05/19,11:00,진도군수 후보 이동진 선거사무소 개소식,진도군 진도읍 남문길 34,False,False
2018/05/19,13:00,천경배 신안군수후보 선거사무소 개소식,신안군 압해읍 학교리 694-82,False,False
2018/05/19,14:00,김종식 목포시장후보 선거사무소 개소식,목포시 백년대로 261-2,False,False
2018/05/19,15:00,서삼석 영암무안신안 국회의원후보 선거사무소 방문,무안군 삼향읍 오룡1길 42-59,False,False
2018/05/21,09:00,지방선거공약집 발간식,국회 본청 당대표회의실,False,False
2018/05/21,09:10,최고위원회의,국회 본청 당대표회의실,False,False
2018/05/21,09:40,의원총회,국회 본청 246호,False,False
2018/05/21,10:00,본회의,본회의장,False,False
2018/05/21,10:30,국회의원 재보궐선거 후보자 공천장 수여식,국회 본청 당대표회의실,False,False
2018/05/22,11:00,부처님오신날 봉축 법요식,대구 동화사(동구 도학동 35),False,False
2018/05/22,14:00,구미 중앙시장 방문,구미중앙로9길 11(구미역 앞),False,False
2018/05/23,09:00,최고위원회의,국회 본청 당대표회의실,False,False
2018/05/23,14:00,故노무현대통령 서거 9주기 추도식,봉하마을 노무현대통령 묘역,False,False
2018/05/24,10:00,본회의,국회 본청 본회의장,False,False
2018/05/24,14:00,소상공인연합회 정책제안 전달식,국회 본청 당대표회의실,False,False
2018/05/24,17:00,조희연 서울시교육감 후보 개소식,서대문구 통일로 135 충정빌딩 3층,False,False
2018/05/25,09:00,중앙선거대책위원회 회의,중앙당사 4층 대회의실,False,False
2018/05/25,13:00,부산지역 기자간담회,오거돈 부산시장 후보 선거사무소(부산 진구 중앙대로 721 NH투자증권 8층),False,False
2018/05/25,14:00,부산 해운대 반송지역 주거환경개선을 위한 지역주민 간담회,장산길마을행복센터(해운대구 아랫반송로26번길 25-4 ),False,False
2018/05/25,14:30,부산 해운대 반송시장 인사,반송시장(해운대구 윗반송로35번길 76),False,False
2018/05/26,14:00,이후삼 제천단양 국회의원후보 선거사무소 개소식,충청북도 제천시 용두천로 111 반석빌딩 3층,False,False
2018/05/26,16:00,이재수 춘천시장 후보 선거사무소 개소식,강원도 춘천시 춘천로 188 메가시티빌딩 111호(개소식은 15시 시작),False,False
2018/05/27,14:00,이재명 경기도지사후보 선거사무소 개소식,이재명 후보 선거사무소(경기도 수원시 팔달구 경수대로 420 마라톤빌딩 지하1층),False,False
2018/05/27,15:30,인천 남동구 구월시장 방문,구월시장 입구,False,False
2018/05/28,09:00,제2차 중앙선거대책위원회의,국회 본청 당대표회의실,False,False
2018/05/29,11:00,제70주년 국회개원기념식,국회의사당 중앙홀,False,False
2018/05/29,15:00,외신기자간담회,프레스센터 20층 국제회의장,False,False
2018/05/30,10:00,6.13 지방선거 기자회견,국회 본청 당대표회의실,False,False
2018/05/30,10:40,평화철도 111 유세단 출정식,국회 본청 당대표회의실,False,False
2018/06/01,09:00,중앙선거대책위원회 회의,군산시장후보 캠프(군산시 수송동 852-5 2층),False,False
2018/06/01,10:00,강임준 군산시장후보 지원유세,군산시장후보 캠프 앞,False,False
2018/06/01,11:00,박성일 완주군수후보 지원유세,둔산공원 사거리(완주군 봉동읍 둔산3로 94),False,False
2018/06/01,13:20,김승수 전주시장후보 지원유세 및 모래내 시장 방문,전주 모래내 시장(전주시 덕진구 안덕원로 148. 연정형외과의원 앞),False,False
2018/06/01,14:40,김영배 익산시장후보 지원유세,익산 무왕로 사거리(익산시 무왕로16길 4. 바로스한의원 앞),False,False
2018/06/02,11:15,송철호 울산시장 후보. 이상헌 울산북구 후보. 이동권 북구청장 후보 지원유세 및 화봉시장 인사,화봉시장 사거리(울산 북구 화봉로 67),False,False
2018/06/02,13:20,송철호 울산시장 후보. 이상헌 울산북구 후보. 이동권 북구청장 후보 지원유세,정자해수욕장 회직판장(울산 북구 정자2길 29),False,False
2018/06/02,15:20,김정호 김해시을 국회의원 후보. 허성곤 김해시장 후보 지원유세,김해 김수로왕릉 앞(김해시 분성로 302 파크볼링센터 맞은편),False,False
2018/06/02,16:30,허성무 창원시장 후보 지원유세,마산야구장 동문(창원시 마산합포구 용마로 77 옆),False,False
2018/06/02,18:00,김경수 경남도지사 후보 지원유세,진주 중앙동 차없는거리 입구(진주시 촉석로 190),False,False
2018/06/03,10:00,오거돈 부산시장 후보. 윤준호 해운대을 국회의원 후보. 홍순헌 해운대구청장 후보 지원유세,반여1동 국민은행 앞(부산 해운대구 선수촌로 102),False,False
2018/06/03,14:00,수도권 광역단체장 후보 정책협약식,신도림역 대회의실,False,False
2018/06/03,14:30,수도권 광역단체장 후보자 합동유세,신도림역 1번출구 앞 광장,False,False
2018/06/04,10:00,중앙선거대책위원회 회의,문대림 제주도지사 후보 캠프(제주시 연북로 22 6층),False,False
2018/06/04,10:40,제주 언론인 간담회,문대림 제주도지사 후보 캠프,False,False
2018/06/04,11:20,문대림 제주도지사 후보 지원유세,제주 동문시장 앞(제주시 일도1동 1146-22),False,False
2018/06/04,14:00,문대림 제주도지사 후보 지원유세,서귀포 올레시장 입구(서귀포시 중정로 69),False,False
2018/06/04,16:00,문대림 제주도지사 후보 지원유세,서귀포 향토오일시장(서귀포시 동홍동 779-1),False,False
2018/06/05,14:30,이후삼 제천단양 국회의원후보. 이상천 제천시장후보 지원유세,제천중앙시장(충북 제천시 풍양로 101. 신화당약국 맞은편),False,False
2018/06/05,16:00,이시종 충북도지사후보. 조병옥 음성군수후보 지원유세,무극시장 무극교(충북 음성군 금왕읍 무극리 102-10 동양당약국),False,False
2018/06/05,17:30,이시종 충북도지사후보. 한범덕 청주시장후보 지원유세,청주시외버스터미널(충북 청주시 흥덕구 풍산로 15. 시외버스터미널 건너편),False,False
2018/06/05,19:00,허태정 대전시장후보 지원유세,대전 로데오타운(대전 서구 문정로 77),False,False
2018/06/06,09:47,제63회 현충일 추념식,국립대전현충원 현충광장(유성구 현충원로 251),False,False
2018/06/06,13:00,양승조 충남도지사후보. 구본영 천안시장 후보. 이규희 천안갑 국회의원후보 지원 시장 방문인사,천안 병천시장(동남구 병천면 아우내순대길 29),False,False
2018/06/06,14:00,양승조 충남도지사후보. 구본영 천안시장 후보. 윤일규 천안병 국회의원 후보 지원 상가 방문인사,천안 쌍용동 이마트(천안시 서북구 충무로 187),False,False
2018/06/06,15:00,양승조 충남도지사후보. 오세현 아산시장후보 지원 지중해마을 방문인사,탕정면사무소 앞(아산시 탕정면 탕정면로 36),False,False
2018/06/07,10:20,김철수 속초시장 후보 지원유세,중앙시장 입구 황소동상 앞(속초시 중앙로 146-1),False,False
2018/06/07,11:20,이종율 양양군수 후보 지원유세,양양군청 사거리(양양군 양양읍 남문로 32),False,False
2018/06/07,14:20,최욱철 강릉시장 후보 지원유세 및 중앙시장 방문인사,강릉 옥천오거리 홈플러스 앞(강릉시 경강로 2120),False,False
2018/06/08,10:40,중앙선거대책위원회 회의,김종식 목포시장 후보 선거사무소(목포시 백년대로 262-1 2층),False,False
2018/06/08,11:40,김영록 전남도지사 후보. 김종식 목포시장 후보 종합수산시장 및 항동시장 방문인사,목포수산시장(목포시 해안로 265-4),False,False
2018/06/08,14:00,김영록 전남도지사 후보. 박병동 장흥군수 후보 합동유세,장흥군청 앞 사거리(장흥군 장흥읍 장흥로 17),False,False
2018/06/08,15:00,김철우 보성군수 후보 지원유세,벌교역 광장(보성군 벌교읍 채동선로 228),False,False
2018/06/08,16:20,허석 순천시장 후보 지원유세,연향동 국민은행 사거리(순천시 연향번영길 149),False,False
2018/06/08,17:30,권세도 여수시장 후보 서시장 전통시장 인사 및 지원유세,서시장 전통시장(여수시 서교동 611-1),False,False
2018/06/08,19:00,김재무 광양시장 후보 지원유세,새마을금고 본점(광양시 광장로 127),False,False
2018/06/09,09:00,제7회 전국동시지방선거 사전투표,다사읍 행정복지센터 2층(대구 달성군 다사읍 매곡로 7),False,False
2018/06/09,10:10,중앙선거대책위원회의,임대윤 대구시장 후보 캠프(대구 중구 달구벌대로 2117 8층),False,False
2018/06/09,11:00,임대윤 대구광역시장 후보 지원유세,대구백화점(대구 중구 동성로 30),False,False
2018/06/09,14:20,오중기 경북도지사 후보. 허대만 포항시장 후보 합동유세,포항 북포항우체국(포항시 북구 불종로 43),False,False
2018/06/09,16:40,오중기 경북도지사 후보. 이삼걸 안동시장 후보 합동유세,안동 문화의거리 신한은행 앞(안동시 중앙로 41),False,False
2018/06/09,18:30,이후삼 충북 제천단양 국회의원 후보. 김광직 단양군수 후보 합동유세,단양구경시장(단양군 단양읍 삼봉로 297),False,False
2018/06/10,10:00,신동헌 경기도 광주시장 후보 지원유세,태재고개 로터리(경기도 광주시 오포읍 신현로 28),False,False
2018/06/10,11:20,이항진 경기도 여주시장 후보 지원유세,여주 중앙로 문화의거리(경기도 여주시 세종로 16),False,False
2018/06/10,12:30,엄태준 경기도 이천시장 후보 지원유세,이천시 문화의거리(경기도 이천시 중리천로 53-5),False,False
2018/06/10,14:30,한대희 경기도 군포시장 후보 지원유세,산본로데오거리(경기 군포시 산본동 1133-2),False,False
2018/06/10,15:30,윤화섭 경기도 안산시장 후보 지원유세,안산시민시장(경기도 안산시 단원구 화랑로 149),False,False
2018/06/10,16:50,임병택 경기도 시흥시장 후보 지원유세,롯데마트 시흥배곧점(경기도 시흥시 서울대학로 278번길 67),False,False
2018/06/10,18:30,장덕천 경기도 부천시장 후보 지원유세,부천역 2번출구 남부광장(경기도 부천시 부천로 1-1),False,False
2018/06/11,10:30,중앙선거대책위원회의,진주을 정당선거사무소(진주시 동진로 111 디럭스타워 10층),False,False
2018/06/11,11:30,차상돈 경남 사천시장 후보 지원유세,탑마트 사천점 앞(사천시 정동면 옥산로 38),False,False
2018/06/11,16:30,이창우 동작구청장 후보 지원유세,명수대 상가 앞(동작구 서달로 158),False,False
2018/06/11,17:20,이정근 서초구청장 후보 지원유세,반포쇼핑타운 4동(서초구 신반포로 189),False,False
2018/06/11,18:30,박성수 송파구청장 후보 지원유세,거여역 5번 출구(송파구 오금로 506),False,False
2018/06/11,19:30,김선갑 광진구청장 후보 지원유세,자양사거리(광진구 자양로 95. 신한은행 앞),False,False
2018/06/12,10:00,중앙선거대책위원회의,오거돈 부산시장 후보 캠프(부산 진구 서면로 68번길 3 8층),False,False
2018/06/12,11:00,오거돈 부산시장 후보 지원유세,부산 서면교차로,False,False
2018/06/12,12:30,송철호 울산시장 후보 지원유세,언양터미널사거리(울산 울주군 언양읍 반구대로 830-2),False,False
2018/06/12,14:30,임대윤 대구시장 후보 지원유세,동대구역 신세계백화점 앞(대구 동구 동부로 149),False,False
2018/06/12,16:30,허태정 대전시장 후보 지원유세,대덕구 법동 보람APT 정문(대전 대덕구 동춘당로 175),False,False
2018/06/12,20:00,박원순 서울시장 후보 지원유세,서울 명동 눈스퀘어(서울 중구 명동길 14),False,False
2018/06/13,18:00,더불어민주당 제7회 전국동시지방선거 및 국회의원 재·보궐선거 개표상황실 참석,국회의원회관 대회의실,False,False
2018/06/14,11:00,중앙선거대책위원회의,국회 본청 당대표회의실,False,False
2018/06/14,15:00,의원총회,국회 본청 246호,False,False
2018/06/14,18:00,6.15 남북정상회담 18주년 기념식,63빌딩 그랜드볼룸,False,False
2018/06/15,10:00,광역단체장 당선자 합동 현충원 참배,국립현충원,False,False
2018/06/15,11:30,'나라다운 나라. 든든한 지방정부 실현을 위한 국민과의 약속 선포식',국회 본청 당대표회의실,False,False
2018/06/18,09:00,최고위원회의,국회 본청 당대표회의실,False,False
2018/06/18,11:00,김동철 바른미래당 비대위원장 예방,국회 본청 당대표회의실,False,False
2018/06/19,09:00,경향포럼,소공동 롯데호텔 크리스탈볼룸,False,False
2018/06/19,10:00,"헨리조지와 지대개혁" 출간 기념 토론회,국회의원회관 제1세미나실,False,False
2018/06/20,09:00,고위당정협의회,국회 본청 당대표회의실,False,False
2018/06/22,09:00,최고위원회의,국회 본청 당대표 회의실,False,False
2018/06/22,14:00,6.13 지방선거 기초단체장 당선자 대회,국회의원회관 대회의실,False,False
2018/06/25,10:00,6.25전쟁 제68주년 행사,잠실실내체육관,False,False
